,digit_id,customer_id,gender,dob,status,verified,language,created_at,updated_at
1,1,ZGFSYCZ,Male,,1,1,EN,2/9/2018 12:04,2/9/2018 12:04
5,2,IL9MJSW,Male,,1,1,EN,3/16/2018 18:22,3/16/2018 18:22
8,3,Y39V6UD,Male,,1,1,EN,3/22/2018 19:55,3/22/2018 19:55
12,4,FJ8AF4X,Male,,1,1,EN,4/25/2018 16:39,4/25/2018 16:39
15,5,VTHMCR3,Male,,1,1,EN,4/30/2018 1:09,4/30/2018 1:09
17,6,ICN6274,Male,,1,1,EN,4/30/2018 20:41,4/30/2018 20:41
24,7,6IP4MC6,Male,,1,1,EN,5/4/2018 20:45,5/4/2018 20:45
41,8,ZDP0JV6,Male,,1,1,EN,5/8/2018 18:01,5/8/2018 18:01
50,9,NDYLK9A,Female,1990,1,1,EN,5/10/2018 16:50,5/10/2018 16:50
74,10,6YT13BS,Male,,1,1,EN,5/12/2018 23:21,5/12/2018 23:21
76,11,7NGMW1A,Male,,1,1,EN,5/13/2018 2:00,5/13/2018 2:00
81,12,6QHK8GD,Male,,1,1,EN,5/13/2018 8:40,5/13/2018 8:40
86,13,CIVPXLC,Male,,1,1,EN,5/13/2018 17:05,5/13/2018 17:05
90,14,BBJ3LU6,Male,,1,1,EN,5/13/2018 20:50,5/13/2018 20:50
104,15,LYUH1JP,Male,,1,1,EN,5/16/2018 4:11,5/16/2018 4:11
109,16,JHLR9GG,Female,1986,1,1,EN,5/16/2018 18:43,12/5/2019 1:03
117,17,X2SRCVC,Female,1979,1,1,EN,5/17/2018 18:25,5/17/2018 18:25
127,18,JIB0U73,Male,,1,1,EN,5/19/2018 9:29,5/19/2018 9:29
135,19,TI2FHS7,Male,,1,1,EN,5/20/2018 22:42,5/20/2018 22:42
146,20,FT64I8W,Female,2000,1,1,EN,5/21/2018 21:27,1/5/2020 3:28
156,21,HX76ORD,Female,1997,1,1,EN,5/22/2018 21:06,3/21/2020 16:51
185,22,1Z39OE6,Female,1989,1,1,EN,5/25/2018 1:59,3/20/2020 17:25
186,23,JNVC68C,Female,1998,1,1,EN,5/25/2018 4:33,3/21/2020 17:47
192,24,U7U874K,Male,,1,1,EN,5/25/2018 17:53,5/25/2018 17:53
211,25,JF2B2KU,Male,,1,1,EN,5/27/2018 1:42,5/27/2018 1:42
213,26,5COK58C,Male,,1,1,EN,5/27/2018 19:03,5/27/2018 19:03
253,27,EQ4MMC5,Male,,1,1,EN,6/1/2018 16:01,6/1/2018 16:01
288,28,J7QM9B3,Male,,1,1,EN,6/3/2018 19:01,6/3/2018 19:01
310,29,3Q4ZI86,Male,,1,1,EN,6/5/2018 22:02,6/5/2018 22:02
343,30,72K2FSG,Male,,1,1,EN,6/10/2018 2:34,6/10/2018 2:34
364,31,BUIAFFT,Male,,1,1,EN,6/12/2018 4:43,6/12/2018 4:43
365,32,IVRFSLY,Male,,1,1,EN,6/12/2018 16:13,6/12/2018 16:13
371,33,AF9UQD1,Male,,1,1,EN,6/13/2018 23:56,6/13/2018 23:56
402,34,8PBQKLH,Male,,1,1,EN,6/20/2018 1:08,6/20/2018 1:08
408,35,1P5RQ9H,Male,,1,1,EN,6/20/2018 3:00,6/20/2018 3:00
433,36,ANAUZO1,Male,,1,1,EN,6/21/2018 21:08,6/21/2018 21:08
435,37,6UKK89C,Male,,1,1,EN,6/21/2018 22:39,6/21/2018 22:39
436,38,ERER3MP,Male,,1,1,EN,6/21/2018 23:24,6/21/2018 23:24
480,39,M3V1TPR,Male,,1,1,EN,6/25/2018 21:31,6/25/2018 21:31
524,40,P56P3ZA,Male,,1,1,EN,6/28/2018 1:28,6/28/2018 1:28
557,41,BQG3CJO,Male,,1,1,EN,6/28/2018 18:27,6/28/2018 18:27
582,42,HJZIPX9,Male,,1,1,EN,6/29/2018 14:47,6/29/2018 14:47
592,43,4Q7OSJA,Male,,1,1,EN,6/30/2018 23:00,6/30/2018 23:00
660,44,ZXCONDE,Male,,1,1,EN,7/6/2018 23:06,7/6/2018 23:06
709,45,NT74OKD,Male,,1,1,EN,7/11/2018 17:10,7/11/2018 17:10
744,46,AXPWO0E,Male,,1,1,EN,7/15/2018 22:42,7/15/2018 22:42
785,47,OQ27G1K,Male,,1,1,EN,7/21/2018 0:11,7/21/2018 0:11
804,48,KXGTTXE,Male,,1,1,EN,7/23/2018 22:39,7/23/2018 22:39
822,49,XJ8RDQI,Male,,1,1,EN,7/24/2018 23:26,7/24/2018 23:26
904,50,5NZHWV4,Male,,1,1,EN,8/3/2018 21:17,8/3/2018 21:17
909,51,UHVBNGM,Male,,1,1,EN,8/4/2018 3:13,8/4/2018 3:13
910,52,75QTKQ0,Male,,1,1,EN,8/4/2018 20:10,8/4/2018 20:10
941,53,YIG8WQ6,Male,,1,1,EN,8/9/2018 16:02,8/9/2018 16:02
946,54,E9AZV5V,Male,,1,1,EN,8/9/2018 21:42,8/9/2018 21:42
958,55,WWJLJYZ,Male,,1,1,EN,8/11/2018 21:25,8/11/2018 21:25
959,56,1WX8J8V,Male,,1,1,EN,8/11/2018 21:51,8/11/2018 21:51
972,57,J0NOO8X,Male,,1,1,EN,8/14/2018 17:40,8/14/2018 17:40
977,58,CBOHO3G,Male,,1,1,EN,8/15/2018 12:04,8/15/2018 12:04
987,59,DI3M0WW,Male,,1,1,EN,8/16/2018 12:06,8/16/2018 12:06
1033,60,M9K2XB5,Male,,1,1,EN,8/24/2018 1:11,8/24/2018 1:11
1040,61,XW90EAP,Male,,1,1,EN,8/25/2018 1:02,8/25/2018 1:02
1050,62,6VPSROF,Male,,1,1,EN,8/26/2018 1:00,8/26/2018 1:00
1056,63,V2A9RXW,Male,,1,1,EN,8/26/2018 18:10,8/26/2018 18:10
1138,64,ONAK0Q8,Male,2019,1,1,EN,9/3/2018 22:59,9/3/2018 22:59
1300,65,HDMZ55D,Male,1994,1,1,EN,9/11/2018 13:08,9/11/2018 13:08
1302,66,Y3OGIXZ,Male,,1,1,EN,9/11/2018 15:23,9/11/2018 15:23
1312,67,IZNQ8HQ,Male,,1,1,EN,9/12/2018 0:49,9/12/2018 0:49
1349,68,OSH9BZ1,Male,,1,1,EN,9/14/2018 18:05,9/14/2018 18:05
1394,69,B9HSJBN,Male,,1,1,EN,9/16/2018 22:31,9/16/2018 22:31
1446,70,2N04MIR,Male,,1,1,EN,9/18/2018 15:55,9/18/2018 15:55
1469,71,0HITBVB,Male,,1,1,EN,9/18/2018 23:25,9/18/2018 23:25
1514,72,U31BNUR,Male,,1,1,EN,9/20/2018 20:06,9/20/2018 20:06
1557,73,UGYQO8A,Male,,1,1,EN,9/21/2018 0:26,9/21/2018 0:26
1574,74,VXJJYH2,Male,,1,1,EN,9/21/2018 14:58,9/21/2018 14:58
1639,75,ZVFPRG1,Male,,1,1,EN,9/22/2018 18:10,9/22/2018 18:10
1644,76,VZIK43C,Male,,1,1,EN,9/22/2018 18:51,9/22/2018 18:51
1693,77,W98OFZI,Female,1999,1,1,EN,9/23/2018 21:37,2/4/2020 2:05
1706,78,6PTIMXR,Male,,1,1,EN,9/23/2018 22:49,9/23/2018 22:49
1719,79,7I075MF,Male,,1,1,EN,9/24/2018 0:32,9/24/2018 0:32
1727,80,VR0HZ1O,Male,,1,1,EN,9/24/2018 3:09,9/24/2018 3:09
1741,81,4DW34Q2,Female,1996,1,1,EN,9/24/2018 17:53,12/5/2019 11:57
1792,82,T4O6XZ1,Female,1993,1,1,EN,9/25/2018 15:07,4/7/2020 10:45
1800,83,IO10URP,Male,,1,1,EN,9/25/2018 19:07,9/25/2018 19:07
1894,84,SQ88M4K,Male,,1,1,EN,9/27/2018 23:28,9/27/2018 23:28
1927,85,YJR8RJP,Male,,1,1,EN,9/28/2018 21:49,9/28/2018 21:49
1945,86,RBDDYQK,Male,,1,1,EN,9/29/2018 0:04,9/29/2018 0:04
1947,87,3P2FF9N,Male,,1,1,EN,9/29/2018 0:26,9/29/2018 0:26
1952,88,0ORMDCX,Male,,1,1,EN,9/29/2018 1:14,9/29/2018 1:14
2004,89,NCAW0DD,Male,1986,1,1,EN,9/30/2018 16:49,9/30/2018 16:49
2055,90,23AXGR6,Female,1989,1,1,EN,10/2/2018 20:11,1/26/2020 13:43
2143,91,9AU5OBD,Male,,1,1,EN,10/4/2018 22:49,10/4/2018 22:49
2186,92,YYK7Y7Z,Male,,1,1,EN,10/5/2018 23:39,10/5/2018 23:39
2195,93,HU0AB2Y,Male,,1,1,EN,10/6/2018 2:14,10/6/2018 2:14
2196,94,IW70NTJ,Male,2019,1,1,EN,10/6/2018 2:18,10/6/2018 2:18
2206,95,PN8OGWA,Male,,1,1,EN,10/6/2018 17:30,10/6/2018 17:30
2208,96,QHB6RLY,Male,,1,1,EN,10/6/2018 21:52,10/6/2018 21:52
2251,97,5J03NWX,Male,,1,1,EN,10/7/2018 18:31,10/7/2018 18:31
2265,98,GDGXHCS,Male,,1,1,EN,10/7/2018 20:53,10/7/2018 20:53
2268,99,AECD3LL,Male,,1,1,EN,10/7/2018 21:13,10/7/2018 21:13
2326,100,CLUE78E,Male,,1,1,EN,10/8/2018 14:15,10/8/2018 14:15
2388,101,DQVF6BI,Male,,1,1,EN,10/8/2018 18:22,10/8/2018 18:22
2406,102,7AVU33C,Female,2000,1,1,EN,10/8/2018 21:30,2/2/2020 22:43
2458,103,41P20B1,Male,,1,1,EN,10/9/2018 5:09,10/9/2018 5:09
2509,104,UO5X10D,Male,,1,1,EN,10/10/2018 19:46,10/10/2018 19:46
2517,105,HBC5CNZ,Female,1988,1,1,EN,10/10/2018 21:37,10/10/2018 21:37
2541,106,49SQWNT,Male,,1,1,EN,10/11/2018 0:48,10/11/2018 0:48
2555,107,2ERUPY1,Male,,1,1,EN,10/11/2018 13:27,10/11/2018 13:27
2560,108,NZTQ6N7,Female,1983,1,1,EN,10/11/2018 15:31,10/11/2018 15:31
2567,109,EZ6IZI3,Male,,1,1,EN,10/11/2018 21:17,10/11/2018 21:17
2585,110,WY7R7SU,Male,,1,1,EN,10/12/2018 5:45,10/12/2018 5:45
2590,111,L1LYPLK,Male,,1,1,EN,10/12/2018 15:38,10/12/2018 15:38
2603,112,UI5IKWK,Male,,1,1,EN,10/12/2018 19:07,10/12/2018 19:07
2617,113,FW5DBZF,Male,,1,1,EN,10/12/2018 23:13,10/12/2018 23:13
2620,114,SF0F4QP,Male,,1,1,EN,10/12/2018 23:31,10/12/2018 23:31
2651,115,N6PPDXI,Male,,1,1,EN,10/13/2018 23:29,10/13/2018 23:29
2652,116,VUNDNK9,Male,,1,1,EN,10/13/2018 23:37,10/13/2018 23:37
2684,117,QIQCEQS,Male,,1,1,EN,10/14/2018 22:09,10/14/2018 22:09
2693,118,KZK4XF8,Male,,1,1,EN,10/15/2018 1:26,10/15/2018 1:26
2760,119,DBL0X78,Male,,1,1,EN,10/16/2018 15:51,10/16/2018 15:51
2785,120,BQYD60X,Male,,1,1,EN,10/16/2018 21:01,10/16/2018 21:01
2844,121,49XZP3F,Male,,1,1,EN,10/17/2018 23:39,10/17/2018 23:39
2845,122,ZK8OG2R,Male,,1,1,EN,10/17/2018 23:50,10/17/2018 23:50
2861,123,VWJMLZ8,Male,,1,1,EN,10/18/2018 13:08,10/18/2018 13:08
2863,124,XY7Z9Z4,Male,,1,1,EN,10/18/2018 13:53,10/18/2018 13:53
2913,125,UFIT0C2,Female,1989,1,1,EN,10/19/2018 13:18,11/15/2019 23:11
3110,126,B6Y7ZKT,Male,,1,1,EN,10/21/2018 23:33,10/21/2018 23:33
3275,127,PO53F9X,Male,,1,1,EN,10/25/2018 22:41,10/25/2018 22:41
3277,128,OFH6BD0,Male,,1,1,EN,10/25/2018 22:48,10/25/2018 22:48
3286,129,8RZVIZL,Male,,1,1,EN,10/25/2018 23:14,10/25/2018 23:14
3316,130,2YXLN4W,Male,,1,1,EN,10/26/2018 0:52,10/26/2018 0:52
3334,131,SNTD96I,Male,,1,1,EN,10/26/2018 2:29,10/26/2018 2:29
3343,132,P4UIR87,Male,,1,1,EN,10/26/2018 11:09,10/26/2018 11:09
3344,133,W4TMTEZ,Male,,1,1,EN,10/26/2018 11:59,10/26/2018 11:59
3365,134,1N4MID9,Female,1989,1,1,EN,10/26/2018 15:56,3/27/2020 15:57
3368,135,OOS1QBW,Male,,1,1,EN,10/26/2018 16:17,10/26/2018 16:17
3409,136,OVXWFT1,Male,,1,1,EN,10/26/2018 22:17,10/26/2018 22:17
3440,137,8DDDHSD,Male,,1,1,EN,10/27/2018 1:22,10/27/2018 1:22
3499,138,VN6J51X,Male,,1,1,EN,10/27/2018 21:45,10/27/2018 21:45
3556,139,OQ2A9PR,Male,,1,1,EN,10/28/2018 14:44,10/28/2018 14:44
3567,140,6V0DRS3,Male,,1,1,EN,10/28/2018 15:54,10/28/2018 15:54
3604,141,3M4M588,Male,,1,1,EN,10/28/2018 20:04,10/28/2018 20:04
3634,142,V9XTOHT,Male,,1,1,EN,10/28/2018 22:35,10/28/2018 22:35
3648,143,Y4G21YD,Male,,1,1,EN,10/29/2018 0:26,10/29/2018 0:26
3649,144,IB555AJ,Male,,1,1,EN,10/29/2018 0:39,10/29/2018 0:39
3666,145,T1F5SV5,Male,,1,1,EN,10/29/2018 15:49,10/29/2018 15:49
3693,146,FBMYILI,Male,,1,1,EN,10/29/2018 21:18,10/29/2018 21:18
3702,147,ZR3Z3IZ,Male,,1,1,EN,10/29/2018 22:18,10/29/2018 22:18
3742,148,7ODG2VL,Male,,1,1,EN,10/30/2018 4:12,10/30/2018 4:12
3761,149,5V01GOQ,Male,,1,1,EN,10/30/2018 15:20,10/30/2018 15:20
3802,150,TL7Z2DM,Male,,1,1,EN,10/30/2018 20:37,10/30/2018 20:37
3827,151,80CT0D5,Male,2017,1,1,EN,10/30/2018 22:28,10/30/2018 22:28
3928,152,W7S4VFA,Male,,1,1,EN,10/31/2018 23:35,10/31/2018 23:35
3949,153,GC5YVN7,Male,,1,1,EN,11/1/2018 2:21,11/1/2018 2:21
3999,154,Z8F5TZU,Male,,1,1,EN,11/1/2018 22:48,11/1/2018 22:48
4015,155,ZB9N105,Male,,1,1,EN,11/1/2018 23:30,11/1/2018 23:30
4037,156,ECV4XCB,Male,,1,1,EN,11/2/2018 1:33,11/2/2018 1:33
4087,157,MEL54EU,Male,,1,1,EN,11/2/2018 23:48,11/2/2018 23:48
4096,158,2HP9GY2,Male,,1,1,EN,11/3/2018 0:45,11/3/2018 0:45
4107,159,LCY5W4A,Male,,1,1,EN,11/3/2018 1:18,11/3/2018 1:18
4188,160,7X9T3IT,Male,,1,1,EN,11/3/2018 21:13,11/3/2018 21:13
4189,161,MHNHGTE,Male,,1,1,EN,11/3/2018 21:17,11/3/2018 21:17
4202,162,TKHZ5O0,Male,,1,1,EN,11/3/2018 22:01,11/3/2018 22:01
4207,163,AYZOO77,Male,,1,1,EN,11/3/2018 22:45,11/3/2018 22:45
4223,164,WM6KURU,Male,,1,1,EN,11/4/2018 1:37,11/4/2018 1:37
4227,165,1I5CCLF,Male,,1,1,EN,11/4/2018 2:52,11/4/2018 2:52
4249,166,X1TCKNQ,Male,,1,1,EN,11/4/2018 22:21,11/4/2018 22:21
4299,167,3XYNP2P,Male,,1,1,EN,11/5/2018 15:29,11/5/2018 15:29
4338,168,K1BEV8S,Male,,1,1,EN,11/5/2018 17:51,11/5/2018 17:51
4359,169,PCZ63J4,Male,,1,1,EN,11/5/2018 20:53,11/5/2018 20:53
4388,170,CN30C2Y,Male,,1,1,EN,11/6/2018 12:48,11/6/2018 12:48
4400,171,VR0V2GV,Male,,1,1,EN,11/6/2018 15:27,11/6/2018 15:27
4443,172,LNIHJO6,Male,,1,1,EN,11/6/2018 21:48,11/6/2018 21:48
4465,173,1UDI805,Male,,1,1,EN,11/6/2018 23:20,11/6/2018 23:20
4484,174,VJMN0Y5,Male,,1,1,EN,11/6/2018 23:52,11/6/2018 23:52
4486,175,0LFS2HM,Male,,1,1,EN,11/6/2018 23:54,11/6/2018 23:54
4596,176,VBZKF8C,Male,,1,1,EN,11/7/2018 22:48,11/7/2018 22:48
4792,177,MFYSFFJ,Male,,1,1,EN,11/9/2018 22:51,11/9/2018 22:51
4805,178,1NKTXMK,Male,,1,1,EN,11/10/2018 2:34,11/10/2018 2:34
4859,179,SJBYQAJ,Male,,1,1,EN,11/11/2018 1:29,11/11/2018 1:29
4897,180,M0T1J02,Male,,1,1,EN,11/12/2018 0:39,11/12/2018 0:39
4903,181,7TN8LIV,Male,,1,1,EN,11/12/2018 1:39,11/12/2018 1:39
4927,182,S7VJUUO,Male,,1,1,EN,11/12/2018 15:04,11/12/2018 15:04
4932,183,B0BZ2RL,Male,,1,1,EN,11/12/2018 16:37,11/12/2018 16:37
4970,184,3ZRZ5XS,Male,,1,1,EN,11/13/2018 12:55,11/13/2018 12:55
4976,185,4W92U09,Male,,1,1,EN,11/13/2018 14:55,11/13/2018 14:55
4977,186,X1DF55Z,Male,,1,1,EN,11/13/2018 15:07,11/13/2018 15:07
5018,187,E5UIWAQ,Male,,1,1,EN,11/13/2018 23:47,11/13/2018 23:47
5056,188,9S4RBIP,Male,,1,1,EN,11/15/2018 20:15,11/15/2018 20:15
5095,189,I9DNSMJ,Male,,1,1,EN,11/16/2018 2:21,11/16/2018 2:21
5158,190,JSGNJSI,Male,,1,1,EN,11/17/2018 14:54,11/17/2018 14:54
5217,191,0WC3Z55,Male,,1,1,EN,11/18/2018 0:56,11/18/2018 0:56
5223,192,1FO4YB2,Male,,1,1,EN,11/18/2018 1:49,11/18/2018 1:49
5364,193,GC1ZAJE,Male,,1,1,EN,11/23/2018 21:11,11/23/2018 21:11
5381,194,WGW04WI,Male,,1,1,EN,11/25/2018 1:46,11/25/2018 1:46
5387,195,HTGRU64,Male,,1,1,EN,11/25/2018 15:44,11/25/2018 15:44
5423,196,DWNX82B,Male,,1,1,EN,11/26/2018 1:29,11/26/2018 1:29
5428,197,Q4KLOSX,Male,1999,1,1,EN,11/26/2018 2:14,1/19/2020 2:02
5460,198,AVNXNSJ,Male,,1,1,EN,11/26/2018 22:40,11/26/2018 22:40
5485,199,VP87DN5,Male,,1,1,EN,11/27/2018 18:26,11/27/2018 18:26
5494,200,00OT8JX,Male,,1,1,EN,11/27/2018 20:03,11/27/2018 20:03
5539,201,P61IAEA,Male,,1,1,EN,11/29/2018 15:49,11/29/2018 15:49
5550,202,HEYTT47,Male,,1,1,EN,11/29/2018 20:16,11/29/2018 20:16
5710,203,VWRYONQ,Male,,1,1,EN,12/4/2018 21:16,12/4/2018 21:16
5784,204,ZZ07CB3,Male,,1,1,EN,12/5/2018 23:03,12/5/2018 23:03
5879,205,MBLNLLF,Male,,1,1,EN,12/7/2018 19:12,12/7/2018 19:12
5955,206,FWNWSYH,Male,,1,1,EN,12/8/2018 19:41,12/8/2018 19:41
5969,207,X9W8FDK,Male,,1,1,EN,12/8/2018 23:13,12/8/2018 23:13
6047,208,VGGRM33,Male,,1,1,EN,12/9/2018 23:37,12/9/2018 23:37
6072,209,EDOGG5S,Male,,1,1,EN,12/10/2018 15:54,12/10/2018 15:54
6158,210,MQ2JYU1,Male,,1,1,EN,12/11/2018 15:25,12/11/2018 15:25
6177,211,9EB7EYY,Male,,1,1,EN,12/11/2018 22:26,12/11/2018 22:26
6210,212,LRUF6EX,Male,,1,1,EN,12/12/2018 15:33,12/12/2018 15:33
6224,213,CZ2OMIL,Male,,1,1,EN,12/12/2018 20:16,12/12/2018 20:16
6229,214,K4TH4B4,Male,,1,1,EN,12/12/2018 20:55,12/12/2018 20:55
6250,215,G1ZSTIU,Male,,1,1,EN,12/12/2018 22:05,12/12/2018 22:05
6279,216,HTNCOZ4,Male,,1,1,EN,12/13/2018 15:23,12/13/2018 15:22
6366,217,DWZ87C1,Male,,1,1,EN,12/15/2018 1:15,12/15/2018 1:15
6368,218,UCR0MLL,Male,,1,1,EN,12/15/2018 1:34,12/15/2018 1:34
6380,219,G0URVPU,Male,,1,1,EN,12/15/2018 16:56,12/15/2018 16:56
6458,220,ZHVX0W7,Male,,1,1,EN,12/17/2018 1:28,12/17/2018 1:28
6492,221,LP3E9PN,Male,,1,1,EN,12/17/2018 21:12,12/17/2018 21:12
6513,222,6T4PQ93,Male,,1,1,EN,12/17/2018 23:32,12/17/2018 23:32
6586,223,VE6IAW5,Male,,1,1,EN,12/19/2018 4:35,12/19/2018 4:35
6632,224,KE4PF80,Female,1991,1,1,EN,12/19/2018 18:51,12/19/2018 18:51
6633,225,A1E4BWK,Male,,1,1,EN,12/19/2018 18:53,12/19/2018 18:53
6688,226,H2R00AP,Male,,1,1,EN,12/19/2018 23:51,12/19/2018 23:51
6707,227,M444YKG,Male,,1,1,EN,12/20/2018 2:43,12/20/2018 2:43
6767,228,HS6QWKT,Male,,1,1,EN,12/20/2018 23:41,12/20/2018 23:41
6849,229,AMZ2Y02,Male,,1,1,EN,12/22/2018 2:54,12/22/2018 2:54
6864,230,8YG9NLX,Male,,1,1,EN,12/22/2018 17:06,12/22/2018 17:06
6886,231,A8YCWHC,Male,,1,1,EN,12/22/2018 22:02,12/22/2018 22:02
6893,232,2LS6BMO,Male,,1,1,EN,12/22/2018 22:35,12/22/2018 22:35
6967,233,MW4FJ89,Male,,1,1,EN,12/23/2018 18:20,12/23/2018 18:20
6968,234,F4CNTWZ,Female,1987,1,1,EN,12/23/2018 18:22,2/21/2020 20:08
6992,235,J3D5V9K,Male,,1,1,EN,12/23/2018 22:35,12/23/2018 22:34
7021,236,X0JL51H,Male,,1,1,EN,12/24/2018 18:18,12/24/2018 18:18
7044,237,09UOV4M,Male,,1,1,EN,12/24/2018 22:23,12/24/2018 22:23
7071,238,H3P2F2J,Male,,1,1,EN,12/25/2018 0:27,12/25/2018 0:27
7169,239,AYPZ7WX,Male,,1,1,EN,12/26/2018 12:26,12/26/2018 12:26
7174,240,GQLZTMT,Male,,1,1,EN,12/26/2018 13:25,12/26/2018 13:25
7193,241,9XDDOC9,Male,,1,1,EN,12/26/2018 22:40,12/26/2018 22:40
7245,242,K21OY05,Male,,1,1,EN,12/28/2018 1:47,12/28/2018 1:47
7276,243,0KND4GI,Male,,1,1,EN,12/28/2018 23:55,12/28/2018 23:55
7431,244,L0VSAWL,Male,,1,1,EN,1/1/2019 15:24,1/1/2019 15:24
7440,245,XN02EHS,Male,,1,1,EN,1/1/2019 17:37,1/1/2019 17:37
7441,246,SVDG8PX,Male,,1,1,EN,1/1/2019 18:00,1/1/2019 18:00
7449,247,C7FBF4C,Male,,1,1,EN,1/1/2019 19:29,1/1/2019 19:29
7450,248,FVZF4W4,Male,,1,1,EN,1/1/2019 19:31,1/1/2019 19:31
7508,249,KOJFVUY,Male,,1,1,EN,1/3/2019 0:39,1/3/2019 0:39
7512,250,46HP1AK,Male,,1,1,EN,1/3/2019 0:53,1/3/2019 0:53
7551,251,DV97DJH,Male,,1,1,EN,1/4/2019 1:49,1/4/2019 1:49
7609,252,LLG1NYP,Male,,1,1,EN,1/5/2019 18:36,1/5/2019 18:36
7631,253,4ZAI34U,Male,,1,1,EN,1/6/2019 21:51,1/6/2019 21:51
7650,254,OM1VPKR,Male,,1,1,EN,1/7/2019 12:24,1/7/2019 12:24
7694,255,RIF4LHS,Male,,1,1,EN,1/8/2019 17:34,1/8/2019 17:34
7786,256,XT7RZ82,Male,,1,1,EN,1/10/2019 22:33,1/10/2019 22:33
7792,257,ZZG19GH,Male,,1,1,EN,1/10/2019 23:22,1/10/2019 23:22
7795,258,BITNF7J,Female,2001,1,1,EN,1/11/2019 0:32,1/23/2020 13:04
7844,259,1PQ0SRF,Female,1991,1,1,EN,1/12/2019 17:49,3/14/2020 13:56
7863,260,6GW9JIZ,Male,,1,1,EN,1/12/2019 23:24,1/12/2019 23:24
7864,261,CCCSVEG,Male,,1,1,EN,1/12/2019 23:28,1/12/2019 23:28
7881,262,P8IFV93,Male,,1,1,EN,1/13/2019 21:48,1/13/2019 21:48
7914,263,C3W1XE0,Male,,1,1,EN,1/14/2019 18:58,1/14/2019 18:58
8006,264,L9G24M2,Female,1999,1,1,EN,1/17/2019 1:28,10/27/2019 21:01
8190,265,O2A3C4H,Female,1997,1,1,EN,1/22/2019 18:09,1/22/2019 18:09
8238,266,5FEMFCB,Male,,1,1,EN,1/23/2019 22:05,1/23/2019 22:05
8259,267,355FSZ4,Male,,1,1,EN,1/24/2019 20:56,1/24/2019 20:56
8342,268,6ZATWUE,Male,,1,1,EN,1/27/2019 14:30,1/27/2019 14:30
8439,269,JV914FB,Male,,1,1,EN,1/29/2019 20:07,1/29/2019 20:07
8448,270,NZ4L7J4,Male,,1,1,EN,1/29/2019 21:40,1/29/2019 21:40
8474,271,2FB2CQV,Male,,1,1,EN,1/30/2019 2:31,1/30/2019 2:31
8568,272,11ZIT7S,Male,,1,1,EN,1/31/2019 22:30,1/31/2019 22:30
8583,273,5MQBPLB,Male,,1,1,EN,2/1/2019 1:37,2/1/2019 1:37
8649,274,LH12F3R,Male,,1,1,EN,2/3/2019 0:30,2/3/2019 0:30
8772,275,58RL8XQ,Male,,1,1,EN,2/5/2019 22:52,2/5/2019 22:52
8837,276,K9VYYXJ,Male,,1,1,EN,2/8/2019 0:11,2/8/2019 0:11
8968,277,QZ2PIXT,Female,1990,1,1,EN,2/12/2019 13:21,2/12/2019 13:21
8969,278,XT0RHK9,Male,,1,1,EN,2/12/2019 14:19,2/12/2019 14:19
9110,279,EVBECSV,Male,,1,1,EN,2/16/2019 20:35,2/16/2019 20:35
9148,280,VJDJL6M,Male,,1,1,EN,2/17/2019 22:44,2/17/2019 22:44
9340,281,K22POF9,Male,,1,1,EN,2/22/2019 1:24,2/22/2019 1:24
9349,282,987BLM4,Male,,1,1,EN,2/22/2019 17:56,2/22/2019 17:56
9351,283,EQZGWXD,Male,,1,1,EN,2/22/2019 18:12,2/22/2019 18:12
9356,284,Q8ABZCD,Male,,1,1,EN,2/22/2019 19:46,2/22/2019 19:46
9419,285,DK2P6M5,Male,,1,1,EN,2/23/2019 23:46,2/23/2019 23:46
9442,286,J4X4OXH,Male,,1,1,EN,2/24/2019 18:04,2/24/2019 18:04
9465,287,AX6ZUGR,Male,,1,1,EN,2/24/2019 23:48,2/24/2019 23:47
9530,288,0EJIU3Y,Male,,1,1,EN,2/26/2019 15:07,2/26/2019 15:07
9558,289,PBYNIWR,Male,,1,1,EN,2/27/2019 16:03,2/27/2019 16:03
9670,290,FP9C193,Male,,1,1,EN,3/2/2019 17:48,3/2/2019 17:48
9956,291,1LUAOFJ,Male,,1,1,EN,3/10/2019 22:09,3/10/2019 22:08
9959,292,13HY3SZ,Male,,1,1,EN,3/10/2019 22:20,3/10/2019 22:20
9974,293,KUH6XNI,Male,,1,1,EN,3/11/2019 2:47,3/11/2019 2:47
10051,294,ACN1328,Male,,1,1,EN,3/13/2019 2:25,3/13/2019 2:25
10056,295,KBNUNOL,Male,,1,1,EN,3/13/2019 13:31,3/13/2019 13:31
10092,296,LPC67NO,Male,1990,1,1,EN,3/14/2019 0:20,1/30/2020 14:31
10094,297,96R6ZP5,Male,,1,1,EN,3/14/2019 0:32,3/14/2019 0:32
10174,298,J2HEYBR,Male,,1,1,EN,3/16/2019 21:51,3/16/2019 21:51
10203,299,G17ETV7,Male,,1,1,EN,3/17/2019 16:50,3/17/2019 16:50
10217,300,K6X9VYP,Male,,1,1,EN,3/17/2019 21:40,3/17/2019 21:40
10259,301,T37YKQQ,Male,,1,1,EN,3/18/2019 22:22,3/18/2019 22:22
10265,302,20VHCJZ,Male,,1,1,EN,3/18/2019 23:39,3/18/2019 23:39
10335,303,A3O5ZBY,Male,,1,1,EN,3/20/2019 14:10,3/20/2019 14:10
10348,304,4XT1EKV,Male,1993,1,1,EN,3/20/2019 21:23,3/20/2019 21:23
10379,305,T3VMBL4,Male,,1,1,EN,3/21/2019 17:26,3/21/2019 17:26
10436,306,FJAYT4D,Male,,1,1,EN,3/22/2019 0:29,3/22/2019 0:29
10524,307,HFS9ITQ,Male,,1,1,EN,3/22/2019 23:07,3/22/2019 23:07
10580,308,E0ES6OY,Male,,1,1,EN,3/23/2019 19:07,3/23/2019 19:07
10613,309,4R0RGFU,Male,,1,1,EN,3/24/2019 12:21,3/24/2019 12:21
10665,310,7QBZOD1,Male,,1,1,EN,3/25/2019 22:15,3/25/2019 22:15
10696,311,439O2UP,Male,,1,1,EN,3/26/2019 16:15,3/26/2019 16:15
10715,312,0PBDOTT,Male,,1,1,EN,3/26/2019 23:06,3/26/2019 23:06
10759,313,O83NGJ2,Male,,1,1,EN,3/27/2019 22:18,3/27/2019 22:18
10815,314,1WQV4JF,Male,,1,1,EN,3/29/2019 1:59,3/29/2019 1:59
10859,315,IG8CYKJ,Male,,1,1,EN,3/29/2019 23:48,3/29/2019 23:48
10914,316,IRPSTIF,Male,1970,1,1,EN,3/31/2019 16:53,3/21/2020 21:55
10930,317,CQX670H,Male,,1,1,EN,4/1/2019 1:42,4/1/2019 1:42
10941,318,0WPRRMJ,Male,,1,1,EN,4/1/2019 20:34,4/1/2019 20:34
11004,319,NXSZHTX,Male,1980,1,1,EN,4/5/2019 23:03,4/5/2019 23:03
11021,320,2EBAIOX,Male,,1,1,EN,4/6/2019 23:42,4/6/2019 23:42
11029,321,LFH8TV2,Male,,1,1,EN,4/7/2019 17:08,4/7/2019 17:08
11136,322,NX4LU4L,Male,,1,1,EN,4/10/2019 21:54,4/10/2019 21:54
11162,323,VDEJEMP,Male,,1,1,EN,4/11/2019 22:51,4/11/2019 22:51
11170,324,Z81ASO5,Male,,1,1,EN,4/12/2019 0:11,4/12/2019 0:11
11208,325,TFW6X5G,Male,,1,1,EN,4/12/2019 23:46,4/12/2019 23:46
11225,326,X8BK4DW,Male,,1,1,EN,4/13/2019 15:34,4/13/2019 15:34
11249,327,7KEXEVH,Male,,1,1,EN,4/13/2019 23:01,4/13/2019 23:01
11296,328,10W6Y7S,Male,,1,1,EN,4/15/2019 15:01,4/15/2019 15:01
11328,329,QG6KMBN,Male,,1,1,EN,4/16/2019 12:08,4/16/2019 12:08
11371,330,8GCISRP,Male,,1,1,EN,4/17/2019 14:35,4/17/2019 14:35
11379,331,QVVEOU0,Female  ,1996,1,1,EN,4/17/2019 17:49,4/17/2019 17:49
11420,332,6DF9MQC,Male,,1,1,EN,4/19/2019 1:16,4/19/2019 1:16
11537,333,VASI5LQ,Male,1997,1,1,EN,4/23/2019 0:22,4/23/2019 0:22
11578,334,ROQNRKT,Male,,1,1,EN,4/24/2019 16:29,4/24/2019 16:29
11629,335,BRP0U1C,Male,,1,1,EN,4/25/2019 15:56,4/25/2019 15:56
11638,336,P29BWW9,Male,,1,1,EN,4/25/2019 18:38,4/25/2019 18:38
11642,337,1G61VAO,Male,,1,1,EN,4/25/2019 21:38,4/25/2019 21:37
11687,338,20E1IQT,Male,,1,1,EN,4/27/2019 13:48,4/27/2019 13:48
11912,339,2QBB6A9,Male,,1,1,EN,5/3/2019 19:14,5/3/2019 19:14
11977,340,4TZZ4JV,Male,,1,1,EN,5/4/2019 22:12,5/4/2019 22:12
12027,341,MLY7UJE,Male,,1,1,EN,5/6/2019 14:21,5/6/2019 14:21
12085,342,4FFTH26,Male,,1,1,EN,5/7/2019 20:50,5/7/2019 20:50
12094,343,A27HKC9,Male,,1,1,EN,5/8/2019 0:58,5/8/2019 0:58
12095,344,VPN0B8I,Male,,1,1,EN,5/8/2019 2:14,5/8/2019 2:14
12101,345,6X999X8,Male,,1,1,EN,5/8/2019 13:37,5/8/2019 13:37
12269,346,P0RY7TO,Male,,1,1,EN,5/14/2019 15:32,5/14/2019 15:32
12354,347,J91BLFB,Male,,1,1,EN,5/16/2019 23:05,5/16/2019 23:05
12365,348,H61ZK4U,Male,,1,1,EN,5/17/2019 1:16,5/17/2019 1:16
12377,349,YG96QWA,Male,,1,1,EN,5/17/2019 16:15,5/17/2019 16:15
12393,350,J4VD9AT,Male,,1,1,EN,5/18/2019 0:09,5/18/2019 0:09
12559,351,3WB1JXR,Male,,1,1,EN,5/26/2019 0:43,5/26/2019 0:43
12578,352,EQ0KFIC,Male,,1,1,EN,5/26/2019 19:33,5/26/2019 19:33
12611,353,WP5L4LW,Male,,1,1,EN,5/28/2019 1:23,5/28/2019 1:23
12627,354,M7BU6GY,Male,,1,1,EN,5/28/2019 21:14,5/28/2019 21:14
12631,355,CV0PJ6V,Male,,1,1,EN,5/28/2019 22:36,5/28/2019 22:36
12649,356,DCL2J09,Male,,1,1,EN,5/29/2019 19:15,5/29/2019 19:15
12707,357,85V7M8I,,,1,1,EN,6/2/2019 21:40,10/1/2019 18:44
12724,358,DQLO3DF,,,1,1,EN,6/3/2019 5:05,10/1/2019 18:44
12753,359,U6PHSKT,,,1,1,EN,6/4/2019 22:18,10/1/2019 18:44
12852,360,TTDA5GA,Female,2007,1,1,EN,6/7/2019 21:50,10/1/2019 18:44
12979,361,HY40W9G,,,1,1,EN,6/9/2019 15:12,10/1/2019 18:45
12990,362,ZQNLMD5,Female,1991,1,1,EN,6/9/2019 18:25,10/1/2019 18:45
13087,363,A7L9U33,,,1,1,EN,6/10/2019 16:46,10/1/2019 18:45
13108,364,S5R2JVC,,,1,1,EN,6/11/2019 1:39,10/1/2019 18:45
13163,365,N4F5VWP,,,1,1,EN,6/11/2019 23:02,10/1/2019 18:45
13236,366,ZDIPKDY,,,1,1,EN,6/12/2019 20:59,10/1/2019 18:45
13790,367,HJFTTGW,,,1,1,EN,6/20/2019 2:45,10/1/2019 18:47
13941,368,3VOXTV5,Male,1988,1,1,EN,6/22/2019 20:08,10/1/2019 18:47
14043,369,S918XMJ,,,1,1,EN,6/24/2019 0:34,10/1/2019 18:47
14142,370,O1LB7Y6,,,1,1,EN,6/25/2019 14:49,10/1/2019 18:47
14238,371,DW8D2N6,,,1,1,EN,6/26/2019 16:20,10/1/2019 18:48
14281,372,7V2W4VT,,,1,1,EN,6/26/2019 19:13,10/1/2019 18:48
14648,373,BL8XH1V,,,1,1,EN,7/2/2019 16:24,10/1/2019 18:49
14812,374,06SG2EQ,,,1,1,EN,7/5/2019 1:18,10/1/2019 18:49
14843,375,FIBYBOG,,,1,1,EN,7/5/2019 19:10,10/1/2019 18:49
14894,376,6CVNFJ2,,,1,1,EN,7/6/2019 16:43,10/1/2019 18:49
15046,377,2WGF9T2,,,1,1,EN,7/8/2019 19:32,10/1/2019 18:50
15053,378,3LN4IGC,,,1,1,EN,7/8/2019 22:06,10/1/2019 18:50
15086,379,BI1HK47,Male,1967,1,1,EN,7/9/2019 15:07,10/1/2019 18:50
15101,380,WCRWRAN,,,1,1,EN,7/9/2019 17:18,10/1/2019 18:50
15109,381,1MM34KG,,,1,1,EN,7/9/2019 21:13,10/1/2019 18:50
15126,382,S9NHAF7,,,1,1,EN,7/9/2019 23:00,10/1/2019 18:50
15265,383,MUEF2H7,,,1,1,EN,7/12/2019 2:27,10/1/2019 18:50
15408,384,Z9HE0WS,,,1,1,EN,7/14/2019 23:13,10/1/2019 18:50
15415,385,QE97GPW,,,1,1,EN,7/14/2019 23:48,10/1/2019 18:50
15505,386,O5HS6H7,,,1,1,EN,7/16/2019 21:24,10/1/2019 18:50
15523,387,P475P1D,,,1,1,EN,7/17/2019 0:19,10/1/2019 18:50
15589,388,X65DCB1,,,1,1,EN,7/18/2019 22:38,10/1/2019 18:51
15650,389,TGY2ULP,Female,1988,1,1,EN,7/20/2019 8:39,10/1/2019 18:51
15719,390,ZVH5WD9,,,1,1,EN,7/21/2019 22:56,10/1/2019 18:51
15772,391,JJZN6VC,Female,2002,1,1,EN,7/22/2019 23:02,10/1/2019 18:51
15774,392,5TRVAO4,,,1,1,EN,7/22/2019 23:37,10/1/2019 18:51
15775,393,8ANDERE,,,1,1,EN,7/22/2019 23:40,10/1/2019 18:51
15838,394,V5T4O78,,,1,1,EN,7/24/2019 22:58,10/1/2019 18:51
15877,395,K4QAR6T,,,1,1,EN,7/25/2019 18:50,10/1/2019 18:51
15930,396,UGLF11F,,,1,1,EN,7/27/2019 0:03,10/1/2019 18:51
15972,397,RD1HLY8,,,1,1,EN,7/27/2019 21:19,10/1/2019 18:52
16015,398,BXIO9BM,,,1,1,EN,7/28/2019 18:56,10/1/2019 18:52
16087,399,M6O0A56,,,1,1,EN,7/30/2019 18:18,10/1/2019 18:52
16089,400,FGGA6FH,,,1,1,EN,7/30/2019 18:47,10/1/2019 18:52
16129,401,TVX8TPV,,,1,1,EN,7/31/2019 14:51,10/1/2019 18:52
16170,402,9X9TDRM,,,1,1,EN,8/1/2019 12:52,10/1/2019 18:52
16180,403,HQ3TDEA,,,1,1,EN,8/1/2019 15:10,10/1/2019 18:52
16224,404,ZIPUW2G,,,1,1,EN,8/2/2019 15:49,10/1/2019 18:52
16246,405,3CS6P25,,,1,1,EN,8/2/2019 22:04,10/1/2019 18:52
16318,406,IP4I95A,Female,1970,1,1,EN,8/4/2019 14:02,3/3/2020 15:19
16345,407,35BJMOC,,,1,1,EN,8/4/2019 21:55,10/1/2019 18:52
16354,408,3CZC2K0,,,1,1,EN,8/4/2019 23:26,10/1/2019 18:52
16460,409,OV2034N,,,1,1,EN,8/6/2019 20:43,10/1/2019 18:53
16512,410,UDVTU41,,,1,1,EN,8/7/2019 13:58,10/1/2019 18:53
16536,411,PE6749L,,,1,1,EN,8/7/2019 22:38,10/1/2019 18:53
16581,412,BDD9FSV,,,1,1,EN,8/8/2019 22:44,10/1/2019 18:53
16735,413,Z5HQVQ3,,,1,1,EN,8/13/2019 18:41,10/1/2019 18:53
16777,414,FHMEG6N,,,1,1,EN,8/14/2019 23:46,10/1/2019 18:53
16779,415,D81AWVZ,,,1,1,EN,8/15/2019 0:41,10/1/2019 18:53
16812,416,VFZ78TM,,,1,1,EN,8/16/2019 0:03,10/1/2019 18:53
16835,417,SLI9HB9,,,1,1,EN,8/16/2019 19:49,10/1/2019 18:53
17038,418,SN3DVA5,,,1,1,EN,8/20/2019 20:29,10/1/2019 18:54
17043,419,LZ909IB,,,1,1,EN,8/20/2019 20:51,10/1/2019 18:54
17181,420,KSNFLRA,Female,1982,1,1,EN,8/21/2019 22:03,10/1/2019 18:54
17221,421,UDQQPDR,,,1,1,EN,8/22/2019 15:27,10/1/2019 18:54
17224,422,FB65J4Q,,,1,1,EN,8/22/2019 15:54,10/1/2019 18:54
17360,423,30PZXDS,,,1,1,EN,8/24/2019 22:39,10/1/2019 18:55
17406,424,UPHW8LM,,,1,1,EN,8/25/2019 21:49,10/1/2019 18:55
17433,425,H09S2XV,,,1,1,EN,8/26/2019 0:42,10/1/2019 18:55
17434,426,P8E7TAZ,Female,1996,1,1,EN,8/26/2019 0:44,2/6/2020 18:38
17499,427,SI3GJ8K,,,1,1,EN,8/27/2019 2:00,10/1/2019 18:55
17591,428,8BCFQAD,,,1,1,EN,8/28/2019 17:22,10/1/2019 18:55
17705,429,OO9OUKM,,,1,1,EN,8/30/2019 22:23,10/1/2019 18:55
17886,430,6U1D3FI,Male,1979,1,1,EN,9/3/2019 16:42,11/16/2019 16:06
17981,431,450KED3,Male,,1,1,EN,9/4/2019 22:15,11/16/2019 16:08
17993,432,AUJ0I1F,Male,,1,1,EN,9/4/2019 23:25,11/16/2019 16:08
18282,433,7MO9V9K,Male,,1,1,EN,9/9/2019 1:29,11/16/2019 16:15
18311,434,LWCYE1U,Male,,1,1,EN,9/9/2019 21:13,11/16/2019 16:15
18389,435,DIXD25Q,Male,,1,1,EN,9/11/2019 1:09,11/16/2019 16:18
18460,436,YY6U5WO,Male,,1,1,EN,9/12/2019 0:40,11/16/2019 16:20
18480,437,QCYII2N,Male,,1,1,EN,9/12/2019 14:57,11/16/2019 16:20
18481,438,HRYFAJJ,Male,,1,1,EN,9/12/2019 15:06,11/16/2019 16:20
18508,439,ZCRXM7E,Female,2000,1,1,EN,9/12/2019 22:09,11/16/2019 16:20
18509,440,42C98DL,Male,,1,1,EN,9/12/2019 22:23,11/16/2019 16:20
18719,441,GR7V8CS,Male,,1,1,EN,9/15/2019 23:01,11/16/2019 16:25
18742,442,3W4JVGN,Male,,1,1,EN,9/16/2019 4:41,11/16/2019 16:25
18767,443,HSKCXYG,Male,,1,1,EN,9/16/2019 18:07,11/16/2019 16:26
18846,444,8MB8MAQ,Male,,1,1,EN,10/30/2018 23:41,10/30/2018 23:41
18869,445,74CQP8S,Male,,1,1,EN,9/18/2019 11:26,11/16/2019 16:29
18938,446,ZRMB0D7,Male,,1,1,EN,9/18/2019 22:43,11/16/2019 16:31
18971,447,R90B4BY,Male,,1,1,EN,9/19/2019 15:16,11/16/2019 16:32
19004,448,IAYS9XI,Male,,1,0,EN,9/19/2019 20:44,11/16/2019 16:33
19005,449,SLBJXD0,Male,1999,1,1,EN,9/19/2019 20:44,11/16/2019 16:33
19013,450,HUOWA6U,Male,,1,1,EN,9/19/2019 21:29,11/16/2019 16:33
19041,451,CQ3PH0P,Male,,1,1,EN,9/20/2019 0:51,11/16/2019 16:34
19055,452,DM2KUPW,Male,,1,1,EN,9/20/2019 13:31,11/16/2019 16:34
19122,453,OL1EW1M,Male,,1,1,EN,9/21/2019 14:06,11/16/2019 16:36
19325,454,7DO26LY,Male,,1,1,EN,9/24/2019 11:16,11/16/2019 16:41
19461,455,TBR3IGG,Male,,1,1,EN,9/26/2019 15:00,11/16/2019 16:44
19487,456,B99YKKP,Male,,1,1,EN,9/26/2019 23:09,11/16/2019 16:45
19562,457,B8QC243,Male,,1,1,EN,10/1/2019 1:27,11/16/2019 16:29
19634,458,Q6PLWFZ,Male,,1,1,EN,10/1/2019 1:29,11/16/2019 16:47
19656,459,UHJ3C66,Male,,1,1,EN,10/1/2019 1:29,11/16/2019 16:47
19660,460,PNS8I52,Male,,1,1,EN,10/1/2019 1:29,11/16/2019 16:48
19691,461,DG3TZ8L,Male,,1,1,EN,10/1/2019 1:29,11/16/2019 16:49
19742,462,4IYADAD,Male,,1,1,EN,10/1/2019 1:29,11/16/2019 16:50
19744,463,VSQM72V,Male,,1,1,EN,10/1/2019 1:29,11/16/2019 16:50
19766,464,BKL7VZL,Male,,1,1,EN,10/1/2019 1:30,11/16/2019 16:50
19819,465,U69KXRD,Male,,1,1,EN,10/1/2019 17:06,11/16/2019 16:52
19833,466,511TAJS,Male,,1,1,EN,10/1/2019 17:06,11/16/2019 16:52
19881,467,TVIV80C,Male,,1,1,EN,10/3/2019 12:16,11/16/2019 16:53
19901,468,11EHTC2,Male,,1,1,EN,10/3/2019 12:16,11/16/2019 16:53
19921,469,E74OOUT,Male,,1,1,EN,10/3/2019 12:16,11/16/2019 16:54
19950,470,M8PF8RC,Male,,1,0,EN,10/3/2019 12:16,11/16/2019 16:54
20042,471,SBJAFJM,Male,,1,1,EN,10/9/2019 6:40,11/16/2019 16:55
20193,472,UVQ0FHJ,Male,,1,1,EN,10/9/2019 6:41,11/16/2019 17:02
20205,473,TUXMG0D,Male,,1,0,EN,10/9/2019 6:41,11/16/2019 17:02
20282,474,6B5WRFI,Male,,1,1,EN,10/9/2019 6:41,11/16/2019 16:57
20289,475,WAF66QI,Male,,1,1,EN,10/9/2019 6:41,11/16/2019 16:57
20304,476,TLUSUNC,Female,1990,1,1,EN,10/9/2019 6:41,11/16/2019 16:57
20307,477,N1SVZ00,Male,,1,1,EN,10/9/2019 6:41,11/16/2019 16:57
20319,478,FDD67FY,Male,,1,1,EN,10/9/2019 6:41,12/11/2019 0:55
20360,479,FSQXFCQ,Male,1995,1,1,EN,10/9/2019 6:42,11/16/2019 16:58
20382,480,UOQ9EW5,Male,,1,1,EN,10/10/2019 14:35,11/16/2019 17:03
20478,481,KRD52OI,Male,,1,1,EN,10/10/2019 14:36,11/16/2019 17:06
20557,482,214940O,Male,,1,1,EN,10/11/2019 14:22,11/16/2019 17:07
20604,483,91QR8PK,Male,,1,1,EN,10/13/2019 3:00,11/16/2019 17:09
20711,484,GDJ5Q3V,Male,,1,1,EN,10/14/2019 12:20,11/16/2019 17:10
20811,485,6OJW4UR,Male,,1,1,,10/14/2019 20:52,11/16/2019 17:13
20926,486,ZZJSJYC,Male,,1,1,,10/16/2019 15:00,11/16/2019 17:16
21041,487,CTW1DEL,Female,1989,0,1,,10/17/2019 18:56,11/16/2019 17:18
21052,488,83BW78H,Male,,1,1,,10/17/2019 21:02,11/16/2019 17:18
21082,489,L1A2902,Male,,1,1,,10/18/2019 15:16,11/16/2019 17:19
21084,490,D1P4W4M,Male,,1,1,,10/18/2019 16:06,11/16/2019 17:19
21125,491,EW60PG0,Male,,1,1,,10/18/2019 22:25,11/16/2019 17:20
21214,492,YYPNRFJ,Male,,1,0,,10/20/2019 0:29,11/16/2019 17:21
21226,493,ZD8S6JQ,Male,,1,1,,10/20/2019 14:37,11/16/2019 17:21
21251,494,JZ9QC6V,Male,,1,1,,10/20/2019 20:09,11/16/2019 17:22
21281,495,T4H9I71,Male,,1,0,EN,10/21/2019 8:56,11/16/2019 17:21
21316,496,37DP7LB,Male,,1,0,EN,10/21/2019 8:57,11/16/2019 17:19
21407,497,EVPT281,Male,,1,1,,10/22/2019 19:54,11/16/2019 17:24
21415,498,HL5I5TL,Male,,1,1,,10/22/2019 21:19,11/16/2019 17:24
21451,499,21H2W2V,Male,,1,1,,10/23/2019 18:55,11/16/2019 17:25
21612,500,IVN9CEJ,Male,,1,0,,10/26/2019 23:59,11/16/2019 17:30
21665,501,XARUNI7,Male,,1,1,,10/27/2019 19:35,11/16/2019 17:31
22143,502,46W8Z2P,Male,,1,1,,11/2/2019 22:19,11/16/2019 17:39
22155,503,6314GZI,Male,,1,1,,11/3/2019 0:54,11/16/2019 17:39
22324,504,CCLN1NN,Male,1970,1,1,,11/4/2019 22:43,11/20/2019 21:48
22325,505,Y558GCB,Male,,1,1,,11/4/2019 22:47,11/16/2019 17:42
22377,506,S14GAXY,Male,,1,1,,11/5/2019 17:26,11/16/2019 17:43
22398,507,JXUWZ2D,Male,,1,1,,11/5/2019 20:54,11/16/2019 17:44
22513,508,H27B2RI,Male,,1,1,,11/6/2019 21:55,11/16/2019 17:45
22518,509,IT8BU3Z,Male,,1,1,,11/6/2019 22:35,11/16/2019 17:46
22615,510,F17PUWE,Male,,1,1,,11/8/2019 1:23,11/16/2019 17:47
22712,511,Y4XEBS4,,,1,1,,11/9/2019 16:34,11/16/2019 17:34
22761,512,CYGR2A5,,,1,1,,11/10/2019 10:13,11/16/2019 19:37
22777,513,LSSWT4C,,,1,1,,11/10/2019 16:22,11/16/2019 19:39
22848,514,K5LO5A5,Male,,1,1,,11/11/2019 14:34,11/16/2019 17:51
22876,515,1CKFKCE,Male,1970,1,1,,11/11/2019 20:34,12/11/2019 22:14
22937,516,LMPS5G0,Male,,1,1,,11/12/2019 21:01,11/16/2019 17:53
23033,517,IZ83G5W,Male,,1,1,,11/13/2019 21:19,11/16/2019 17:54
23177,518,RCL8AWW,Male,,1,1,,11/15/2019 18:18,11/16/2019 17:56
23234,519,6SLC4VZ,Male,,1,1,,11/16/2019 2:47,11/16/2019 17:57
23250,520,L4WDNZ1,Male,,1,1,,11/16/2019 15:16,11/16/2019 17:57
23366,521,Z9Y93I4,Male,,1,1,EN,10/24/2019 20:55,10/24/2019 20:55
23503,522,9CEVJRI,male,,1,1,,11/16/2019 22:01,11/16/2019 22:02
23517,523,6V56X2X,Male,1970,1,1,,11/16/2019 23:24,2/4/2020 15:00
23556,524,FLD3R3W,male,,1,0,,11/17/2019 16:51,11/17/2019 16:51
23582,525,8AMMJN6,male,,1,1,,11/18/2019 2:41,1/23/2020 5:31
23607,526,JFGJ8IG,male,,1,1,,11/18/2019 15:37,11/18/2019 15:37
23700,527,JWUU5RM,male,,1,1,,11/19/2019 19:59,11/19/2019 19:59
23879,528,HWFSAO0,male,,1,1,,11/21/2019 18:04,11/21/2019 18:04
23948,529,3MNYHM5,male,,1,1,,11/22/2019 14:02,11/22/2019 14:03
23992,530,4ZFD8TE,male,,1,1,,11/22/2019 21:14,11/22/2019 21:14
24132,531,YI85QU8,male,,1,1,,11/24/2019 17:30,11/24/2019 17:30
24197,532,KYWHHOA,male,,0,1,,11/24/2019 22:08,11/24/2019 19:17
24341,533,6RB5OS3,male,,1,1,,11/26/2019 9:56,11/26/2019 9:56
24380,534,VF9R62R,male,,1,1,,11/26/2019 20:46,11/26/2019 20:47
24472,535,23AHYU3,male,,1,1,,11/28/2019 14:54,11/28/2019 14:54
24562,536,TPTW8SR,male,,1,1,,11/30/2019 11:53,11/30/2019 11:53
24728,537,22SPVFA,Male,1970,1,1,,12/2/2019 20:29,12/9/2019 20:40
24882,538,DGRUO7S,male,,1,1,,12/5/2019 16:32,12/5/2019 16:33
24968,539,7E9E4RW,male,,1,1,,12/6/2019 18:56,12/6/2019 18:56
25474,540,GFSVIC7,male,,1,1,,12/13/2019 21:19,12/13/2019 21:19
25557,541,UNUX45P,male,,1,1,,12/14/2019 20:26,12/14/2019 20:26
25599,542,1LMDP94,Male,1996,1,1,,12/15/2019 2:55,12/15/2019 2:56
25641,543,FLDMRRW,male,,1,1,,12/15/2019 20:40,12/15/2019 20:41
25785,544,HL62X7Z,male,,1,1,,12/17/2019 19:53,12/17/2019 19:53
25866,545,32RVJ2L,male,,1,1,,12/18/2019 20:30,12/18/2019 20:31
25933,546,XMY78E9,male,,1,1,,12/19/2019 18:45,12/19/2019 18:46
25954,547,XPCQBDO,male,,1,1,,12/19/2019 21:35,12/19/2019 21:35
26020,548,1LQNQ55,male,,1,1,,12/20/2019 21:53,12/20/2019 21:53
26100,549,0IXYEJ7,male,,1,1,,12/22/2019 13:53,12/22/2019 13:53
26163,550,ZV19364,male,,1,1,,12/23/2019 14:35,12/23/2019 14:36
26571,551,9D5IXWP,male,,1,1,,12/30/2019 21:56,12/30/2019 21:56
26597,552,R3YS9DG,,,1,1,,12/31/2019 14:59,12/31/2019 15:01
26730,553,U5AQZ4H,,,1,1,,1/1/2020 20:02,1/1/2020 20:02
26991,554,JL0VQVB,,,1,1,,1/4/2020 20:09,1/4/2020 20:09
27082,555,DEMW7R2,,,1,1,,1/5/2020 22:07,1/5/2020 22:07
27508,556,K0KRKVP,Male,1983,1,1,,1/11/2020 19:16,1/11/2020 19:19
27769,557,HEMMG81,,,1,1,,1/15/2020 21:32,1/15/2020 21:32
27811,558,FOHLU6B,Female,1995,1,1,,1/16/2020 16:22,1/16/2020 17:54
27941,559,F13OJEO,,,1,1,,1/17/2020 23:17,1/17/2020 23:17
27963,560,WBBHJKV,,,1,1,,1/18/2020 7:49,1/18/2020 7:50
28638,561,4W6RFS3,,,1,1,,1/22/2020 20:08,1/22/2020 20:08
29096,562,965U9S7,,,1,1,,1/25/2020 21:08,1/25/2020 21:09
31112,563,D11Z4H6,,,1,1,,2/5/2020 21:42,2/5/2020 21:42
31687,564,TMYYN52,,,1,1,,2/8/2020 21:33,2/8/2020 21:33
