,customer_id,location_number,location_type,latitude,longitude
7,NDYLK9A,1,,-0.2043711434422961,0.4355927487568151
84,OVXWFT1,2,Home,0.5948347768845627,0.5106965547659241
85,OVXWFT1,3,,-0.3907489731910868,0.6431692913174624
260,VR0V2GV,1,Home,-0.1195595967188076,-0.001825141219992
279,K5LO5A5,0,Home,0.0523641089230048,-0.0050581443045352
370,6U1D3FI,0,,0.4577728752692212,0.0108072744181827
393,M3V1TPR,2,,-0.7776369183268824,0.7859622956272627
394,M3V1TPR,3,,0.0378927294230146,0.632030696909105
395,M3V1TPR,4,Home,0.1420455286706477,0.5180617665702796
900,K0KRKVP,0,,-0.7721985755861633,-0.1759720078923533
940,23AXGR6,1,,0.0718660048653752,0.6432342812613616
964,GDGXHCS,1,Other,0.0859785365192948,0.0010148384090898
1008,1N4MID9,1,,0.012853655249979,0.8206735953409101
1009,1N4MID9,2,,0.0224750891730627,-0.0633399122863797
1010,1N4MID9,3,,-0.521990068118154,0.0435537822813522
1011,1N4MID9,4,,0.0196879391460506,0.0018973113460935
1028,E74OOUT,1,,-0.4377936594039134,0.053038079654545
1162,7I075MF,3,,-0.2625610077884672,0.622212101036355
1164,7I075MF,5,,-0.7782583174038973,0.7850986978159155
1230,A7L9U33,1,,-0.3290239803461965,0.6270094550113728
1260,OQ27G1K,2,,-0.1229909811730605,0.6273338332227432
1261,OQ27G1K,3,,-1.6439978916345948,-0.0575485463318227
1263,OQ27G1K,5,Home,-0.8979317817850125,-0.0632818916981428
1366,ZD8S6JQ,0,,-1.0670887427692413,0.0681948944954449
1388,OOS1QBW,2,,-1.0749611098653626,0.0929383340000008
1389,OOS1QBW,3,,0.2064855195070926,0.5498886149037958
1524,CCLN1NN,0,Home,-0.1382348510768659,0.0016369534159046
1568,ICN6274,4,Work,0.0491646998653872,0.5783027081409158
1570,ICN6274,6,Home,2.318619495134618,0.7076231517250137
1571,ICN6274,7,Home,-0.1771105587847694,0.492990732193008
1572,ICN6274,8,Home,-0.6258720942379018,0.0764566260305283
1717,AXPWO0E,1,,-0.729011136461499,0.1294487324840697
1774,IT8BU3Z,0,Home,0.6553456816731071,0.5422296508340835
1935,8ANDERE,0,,-0.7685737665000435,0.7934923061340926
1936,8ANDERE,1,,-0.5291126837022553,0.7592513353190201
1937,8ANDERE,2,,-0.0937936327100646,0.6044755895121475
1951,UOQ9EW5,0,,1.1161241468461938,0.7272831322749894
1952,UOQ9EW5,1,Home,-0.6784157722308107,0.1565405251681774
1988,DEMW7R2,0,Work,-1.0963659703888595,-0.1062203300206934
2043,8DDDHSD,2,,-0.12901041028849,0.003310691481818
2171,ANAUZO1,2,,-0.276105495538438,0.6983127092590994
2172,ANAUZO1,3,Other,0.046158784116803,0.8949618076492251
2173,ANAUZO1,4,Home,0.1005743942599915,0.5096727098522175
2188,7MO9V9K,0,,0.0989974020191988,-0.0038804633227262
2208,KXGTTXE,4,,0.879574191884633,0.5120236590340995
2209,KXGTTXE,5,,0.478486667384613,0.3797187687886434
2210,KXGTTXE,6,,0.575825041329235,0.5281749922599612
2226,6DF9MQC,3,,-0.2119878304615121,0.596419807872731
2227,6DF9MQC,4,,-0.6262453460577126,0.1626125679818304
2228,6DF9MQC,5,,-0.6868292033059884,0.0791327391158416
2315,ZZG19GH,1,,0.0326531766153913,-0.0087011971090915
2393,BKL7VZL,1,,-0.1250989483269166,-0.0013324858840878
2422,1UDI805,2,,0.2582815268268674,0.0448748901386284
2423,1UDI805,3,Work,0.2784508607692172,0.3041889243499973
2609,IP4I95A,0,,-1.1078381597774754,0.1150566255436954
2677,M444YKG,1,,-0.3889027957692769,0.7034385364999972
2678,M444YKG,2,,0.0943826923076774,0.2764084090909188
2679,M444YKG,3,,-0.8463303009725502,0.7197875062173061
2730,JJZN6VC,2,,-0.7610199758269418,0.795448774693181
2731,JJZN6VC,3,,0.1254311482114746,0.6046160829795448
2732,JJZN6VC,4,Work,-0.3477468327857653,0.7289459879669676
2959,214940O,0,,0.0090804853654092,0.8205295891227277
2960,214940O,1,,0.0403926457146318,0.0010278793898618
2961,214940O,2,Home,-0.863790810525761,0.1204753335226633
2962,214940O,3,,0.3052789716351963,0.2899345559152666
3007,ZXCONDE,1,,-0.431470778576999,0.6424489922159183
3008,ZXCONDE,2,,-1.2954992217691934,-0.1008903012931747
3011,DWNX82B,1,,0.1450896155192221,0.5179702954499853
3012,DWNX82B,2,Home,1.7479565885230166,0.3811144225976665
3150,U31BNUR,3,,0.1030969935384479,0.5092656585840991
3151,U31BNUR,4,,0.0114984975191955,0.6302379523818273
3186,Z5HQVQ3,2,,0.4378883866538208,0.004943892743176
3187,Z5HQVQ3,3,,-0.3568350960768968,-0.1081017809250028
3188,Z5HQVQ3,4,Work,-0.2669915652308285,-0.1531948045204641
3189,Z5HQVQ3,5,Home,-0.630462093620939,0.1023795665665234
3336,FVZF4W4,2,,-0.040378673461602,0.133891803079533
3337,FVZF4W4,3,Other,-0.0577463938845873,0.5430451719590897
3338,FVZF4W4,4,Other,-0.7784487631538709,0.1577897537159027
3339,FVZF4W4,5,,0.0870734007846641,0.2972496714104282
3506,Y3OGIXZ,3,,-0.4919657308653679,0.698188901784088
3507,Y3OGIXZ,4,,-0.0894543655384309,0.6345379987931824
3635,6QHK8GD,2,,-0.4347963794807174,0.6425224044363664
3636,6QHK8GD,3,,-0.5570092850000251,0.7574626369909161
3637,9D5IXWP,0,,-0.4943681506799737,0.8394077884971013
4040,N6PPDXI,1,,-0.0827442292885054,-0.0067115913386444
4041,N6PPDXI,2,,-0.7453346139038515,0.218957726843173
4042,N6PPDXI,3,,-0.0314182385439977,0.025171580590001
4043,N6PPDXI,4,Home,0.1188758982907473,0.0040118369189137
4090,Z9Y93I4,0,Home,-1.165039442961621,-0.0486184182477218
4091,Z9Y93I4,1,Work,-0.9445730769231074,-0.1611506818181763
4206,3XYNP2P,3,,-1.19594590855777,-0.0474605846659029
4207,3XYNP2P,4,Home,0.4433651923076679,0.0018972499999976
4208,3XYNP2P,5,Home,-1.0420216625478536,0.1546506387266215
4422,XARUNI7,0,,-0.1295020887307922,0.003614874152272
4459,Q6PLWFZ,0,,0.123419490730744,0.0031842891727378
4647,LCY5W4A,2,,-0.1300885042692111,0.0005813290431659
4690,6RB5OS3,0,Other,0.2766002253653212,0.5610045424909089
4691,6RB5OS3,1,,0.0974912473105539,0.6176237637668726
4792,FSQXFCQ,1,,0.0657614466538999,-0.0076852592772751
4902,OM1VPKR,1,,-0.129303085326951,0.0021829626931626
5170,UGYQO8A,1,,-0.1664798118653597,0.436230966329553
5244,VR0HZ1O,4,,1.0617179128846823,0.4877348473272707
5245,VR0HZ1O,5,,0.110693477442244,0.5091792757590848
5338,UGLF11F,1,,-1.1812056986730914,0.1033523554613588
5339,UGLF11F,2,,-0.2750166266153426,0.3019641109477223
5340,UGLF11F,3,Other,-0.4257285210961366,0.1695822056181783
5341,UGLF11F,4,Home,-0.5971643609608389,0.1178378975248383
5345,HTGRU64,1,,0.0712611270577044,-0.0075399555431717
5346,HTGRU64,2,Home,-0.0235397592344402,0.0223706874718036
5416,AF9UQD1,3,,-0.1017347790192801,0.4299387325886388
5417,AF9UQD1,4,Home,0.1515305722884594,0.3768627335431696
5525,DIXD25Q,1,,0.1543070233077062,0.0471039631158992
5526,DIXD25Q,2,Work,0.196752936750009,0.5889825732863583
5527,DIXD25Q,3,,0.6135147962200933,0.5227708721702737
5633,72K2FSG,2,,-0.5787050756922987,0.9396295867068086
5634,72K2FSG,3,Other,0.349465000000013,0.2595628863636354
5885,4W6RFS3,0,,0.0715649858540852,-0.008198209917477
5886,4W6RFS3,1,,-0.1264241200122585,-0.0023327964565631
6140,2QBB6A9,2,,0.702654651641839,0.5272887179797173
6141,2QBB6A9,3,Home,2.830761517755738,0.6323398724198174
6191,K1BEV8S,1,,0.1173019061730447,0.0044165312409108
6192,K1BEV8S,2,,-0.0185711805576772,-0.0149565673431889
6247,7QBZOD1,0,,-0.3936303152692491,0.9659637128409074
6248,7QBZOD1,1,Work,-0.0337298246338566,0.9542020181772304
6249,7QBZOD1,2,Work,-0.5966778483625628,0.7538447027856492
6309,U7U874K,3,,-0.1256711538461229,0.5846788636363696
6310,U7U874K,4,,-0.3681509323654043,0.7263410355909148
6311,U7U874K,5,,-0.7378903846153982,0.2202581818181843
6312,U7U874K,6,,-0.2919275697882525,0.6568446090935385
6414,E0ES6OY,1,,0.682348498615427,0.4128451720272532
6415,E0ES6OY,2,Home,0.1901711538461549,0.5980900000000068
6515,X2SRCVC,3,,-0.561565958480751,0.793538545418171
6516,X2SRCVC,4,,-0.3135966351154257,0.9443600279363727
6517,X2SRCVC,5,Work,-0.5008696685714819,0.8562441278587856
6518,X2SRCVC,6,,-0.262770713932336,-0.0226005789835944
6558,X9W8FDK,0,,-0.1281155684807946,0.0013226068954385
6640,74CQP8S,0,Home,0.218090386096148,0.5951029541136355
6641,74CQP8S,1,Home,0.0327170786868547,0.4812691890460766
6642,74CQP8S,2,,-1.0809324895979264,0.0908879773183429
6860,FWNWSYH,4,,-0.2205112956153588,0.857357360656819
6861,FWNWSYH,5,,-0.4380378846153865,0.8570308181818197
6862,FWNWSYH,6,,-0.0801047091346743,0.4561545537272811
6863,FWNWSYH,7,Work,-0.3544471991981022,0.6492544380702371
6864,FWNWSYH,8,Home,-0.028962748817918,0.6500941390211424
7078,FW5DBZF,1,,0.118137806000008,0.0037292738613556
7157,9XDDOC9,2,,-0.741252566057715,0.7939985283954545
7158,9XDDOC9,3,Work,0.5141638046153859,0.5571374870681689
7481,RIF4LHS,1,Home,0.4653434410884498,0.5548286038366059
7482,RIF4LHS,2,,-0.1015233638824642,0.4850827875462432
7490,0WPRRMJ,1,,0.7364171153846155,0.5325773409090924
7548,BQG3CJO,2,,-1.6520969758462245,-0.0125337075613594
7549,BQG3CJO,3,,-0.9357831579999898,-0.1167899278113737
7550,BQG3CJO,4,,-1.44754940073076,-0.0176281686318124
7551,BQG3CJO,5,Home,-0.8433030761731004,0.067750655025007
7552,BQG3CJO,6,Home,-0.8063408602884444,0.0912087502840759
7553,BQG3CJO,7,,-1.1701128430384908,-0.0800445845795592
7955,8RZVIZL,0,,-0.1138710931922586,-0.0059563594068153
7965,FHMEG6N,1,Other,-0.677822907056148,0.7952872715059047
8104,7KEXEVH,1,,-0.1158439704231402,-0.0005081577886559
8150,9S4RBIP,3,,0.5714424191153782,0.4106409582727355
8151,9S4RBIP,4,,-0.4209534315769244,0.6848164421454492
8173,46HP1AK,0,,-1.472892614031285,-0.0876779122241029
8213,4R0RGFU,2,,-0.092142760519251,-0.0078957967681991
8214,4R0RGFU,3,Work,0.1065023036971577,-0.0066857575015627
8236,3VOXTV5,4,,-0.5928843259038712,0.7533672038613698
8237,3VOXTV5,5,,-0.7496673076922801,0.7782497727272746
8238,3VOXTV5,6,,-0.1697134615385168,0.6314449999999994
8308,ONAK0Q8,1,Home,0.0127038461539105,0.8650194545454565
8359,WBBHJKV,0,Work,-2.066832794830364,-0.0413281633095187
8360,WBBHJKV,1,Home,2.507989571227923,0.6771419068629088
8457,DCL2J09,3,Work,-0.1747649259625711,0.49320332773707
8459,DCL2J09,5,Home,-1.7750938603376665,-0.0467096078878628
8460,DCL2J09,6,Work,-0.3507463212190541,0.1131373582915793
8461,DCL2J09,7,,-0.4744505927904167,0.6703982847658067
8462,DCL2J09,8,,-1.1470376549422592,0.1458093000331483
8778,JSGNJSI,1,,0.061462859923094,-0.0053599911431945
8779,JSGNJSI,2,,0.317996294503757,0.0849848315119708
8791,2FB2CQV,2,,-0.1608210686923085,0.658122606574988
8792,2FB2CQV,3,,0.1090300799615652,0.631168501452273
8793,2FB2CQV,4,Work,0.6121675190158319,0.522264529019593
8794,2FB2CQV,5,Work,-0.140840095253017,0.6262445143339463
9010,TTDA5GA,1,,-0.0939469456730733,-0.0082486590386404
9202,VWRYONQ,2,,-1.0683437346923423,0.0680121986272656
9281,6V0DRS3,1,,-0.1172361278845876,-0.0037988878704744
9752,OQ2A9PR,1,,-0.23971565128852,0.7410065017181795
9757,VP87DN5,1,,-0.104415702461567,-0.0699974394750026
9758,VP87DN5,2,,-0.5036820015384665,0.038732725734082
9759,VP87DN5,3,Work,-0.1655669426538211,0.5904074408363673
9807,ACN1328,0,Home,-0.8556866919205112,0.0759765715761744
9923,CIVPXLC,1,,0.8191669898461338,0.5412600223431786
9924,CIVPXLC,2,Other,-0.7410744143076791,0.719930760561354
9986,EVBECSV,1,,0.6225247813077501,0.5074782023886303
9987,EVBECSV,2,Home,-0.4005934964615761,0.7392080348590895
9988,EVBECSV,3,Home,-0.4694139654465081,-0.1694845871870055
9989,EVBECSV,4,Home,-0.7522092172802588,0.7977323477918292
9990,EVBECSV,5,Home,-0.2573216166702409,0.5379741205410513
9991,EVBECSV,6,,0.4573946430671499,0.5378986834125075
10204,NXSZHTX,2,,-0.2988817299231058,0.739263384547736
10205,NXSZHTX,3,Home,-0.604825189468878,0.7371200734935718
10206,NXSZHTX,4,,-0.1178427795835828,0.6058705841952935
10268,XMY78E9,0,,0.0831534554338518,0.2893537403313071
10269,XMY78E9,1,,-0.7685962248091704,0.2313437540515597
10270,XMY78E9,2,,-0.2179424919678877,0.2733220900321256
10271,XMY78E9,3,,-0.8053419081054539,0.1765063729474592
10388,7ODG2VL,1,,-0.0361324442308069,-0.0009714669113591
10389,7ODG2VL,2,,-0.5771475358809168,0.1455438597305698
10423,B8QC243,1,,0.0726489173076705,-0.00830993888182
10426,HY40W9G,2,Other,0.0963457931345991,0.391762175586345
10531,09UOV4M,2,,-0.1187255820961105,0.5644929386250133
10532,09UOV4M,3,,0.7735158094615062,0.4056296219681813
10533,09UOV4M,4,Home,0.3760272709879496,0.5251044392397599
10857,IZ83G5W,0,Work,-0.1252957528076629,0.8289150515318101
10919,4FFTH26,1,,0.4459559910384321,0.4307486242181814
10930,0PBDOTT,1,,0.0228246674615673,-0.0084160663704515
10956,AYZOO77,1,,0.0170842112692591,0.0128282043499956
10957,AYZOO77,2,,-0.0467292418845956,-0.0122629634227358
11431,S5R2JVC,0,Other,0.6874002036154507,0.4453650975477324
11489,KE4PF80,1,,-0.507687895442374,0.7866676492954553
11490,KE4PF80,2,,0.6155802249231022,0.5417437704181821
11562,Y4XEBS4,0,,0.6581766606537821,0.5421907981250093
11671,SQ88M4K,1,,1.9487249954038557,0.3357195590022613
11672,SQ88M4K,2,Home,-0.7774661629038846,0.785863597179545
11673,SQ88M4K,3,Work,1.7571925441923386,0.3419221673500079
11696,439O2UP,0,Home,-1.0421659635962288,-0.1098617949750106
11697,439O2UP,1,Home,-1.450291541064432,-0.0879012599564924
11698,439O2UP,2,Home,-1.2244271713510306,-0.1421282409513878
11970,6PTIMXR,3,,0.0441448211153749,0.4530786321636356
11971,6PTIMXR,4,,-0.6215137646922981,0.7550474098659044
11972,6PTIMXR,5,Other,-1.0271257677500087,0.104302832347711
11973,6PTIMXR,6,,-0.0821934112483006,0.5140785617260326
11974,6PTIMXR,7,Home,-0.2109018810705883,0.2707493738984675
11992,RBDDYQK,1,,-0.2391449918269545,0.4229980488181978
11993,RBDDYQK,2,Home,-0.1202367237067237,0.4425124319308428
12047,J2HEYBR,1,Other,0.0178030156730868,0.0018546398386185
12251,T4O6XZ1,1,,-0.1708653831346436,0.7919568177500069
12314,3ZRZ5XS,2,,0.8802398469423399,0.4290502397113717
12538,YY6U5WO,1,,0.0197769698653945,-0.0019509906909091
12539,YY6U5WO,2,Home,-0.0259164865113076,0.0228589909118459
12586,AX6ZUGR,1,,0.0095019230769412,0.5344091363636295
12655,FIBYBOG,2,Home,-0.2511837114423353,0.0150543505681808
12656,FIBYBOG,3,Home,-0.8662819947536907,0.1032611879860282
12657,FIBYBOG,4,,-0.7774498907405072,0.7841254709796474
12966,XY7Z9Z4,1,,-0.1410248635577416,0.001710856543175
12983,GR7V8CS,0,,0.7392711538461795,0.1304068181818291
12984,GR7V8CS,1,Home,-0.6657247422461543,-0.1581217360314961
13231,MBLNLLF,2,,-0.119336947730809,-0.0052888240750125
13232,MBLNLLF,3,Home,-0.1123182969509947,0.6000024899840347
13298,LWCYE1U,1,,0.4525562370576989,0.4975282445886293
13299,LWCYE1U,2,Work,0.2966653450191901,0.5196016298840848
13300,LWCYE1U,3,,-0.0597848848482407,-0.0740770209919365
13548,SF0F4QP,2,,-0.1255229865192366,0.001338585127267
13549,SF0F4QP,3,,-0.0340796337890374,0.0241274521647775
13672,ZVFPRG1,2,,-0.7741226923077054,0.7859940681818218
13673,ZVFPRG1,3,,-0.1571271281538311,0.5356935209499846
13704,PCZ63J4,1,,-0.120179513192244,-0.0018023799386474
13705,PCZ63J4,2,Work,0.1149227232230423,-0.0051160556348764
13706,PCZ63J4,3,,12.329023780933811,-1.4349670946534048
13846,AVNXNSJ,2,,0.038955589730746,-0.0099084446431777
13847,AVNXNSJ,3,Work,0.4124671217332225,-0.0969825446298669
13976,FP9C193,2,Work,0.1216134615384271,0.5992702272727192
13977,FP9C193,3,Home,-0.0515846153846387,0.5856186363636434
13978,FP9C193,4,Work,-0.0132860658832958,0.5600417666137208
14245,VJMN0Y5,1,Home,-0.3608643174615377,0.6965841435909297
14381,B9HSJBN,2,,-0.1236143321538763,0.6064098563340923
14382,B9HSJBN,3,Home,-0.8808352544230607,0.075531137563639
14384,FB65J4Q,1,,-0.7774711538461765,0.7856413863636397
14515,1FO4YB2,1,,0.0668038244614909,-0.009931268386364
14517,T4H9I71,0,,0.8485114690384733,0.439651284999991
14518,T4H9I71,1,Home,0.0214852052771165,0.5508588347848941
14519,T4H9I71,2,,-0.1564541826181593,0.6484347098198514
14579,7E9E4RW,0,,-0.0019993268363276,0.5964360292034177
14580,7E9E4RW,1,,-0.0016459850569024,0.4699292583161731
14581,7E9E4RW,2,,-0.6293032785319245,0.6938846736132931
14582,7E9E4RW,3,,-0.0552753850822954,0.6316003931541174
14733,BITNF7J,0,Home,0.5993893743843971,0.5498617734388905
14844,75QTKQ0,2,,-0.1557729612884886,0.5669373821204551
14845,75QTKQ0,3,,-0.0612162475962267,0.6231647296136538
14846,75QTKQ0,4,Home,0.956213016365434,0.4188977740181849
15112,OO9OUKM,1,,0.1006322254615626,0.7882266463181969
15113,OO9OUKM,2,Home,0.0662787997499897,0.8821335051977267
15201,X1TCKNQ,1,,-0.0162378766538779,-0.0022254415363611
15206,G17ETV7,1,,0.093360364423039,-0.0002733250159213
15207,G17ETV7,2,,-0.1175143659038788,-0.0051123368659069
15310,BL8XH1V,1,Home,0.5430769230769323,0.4338182954545408
15311,BL8XH1V,2,Home,0.3009040384615133,0.5092212499999922
15312,BL8XH1V,3,Home,1.7967169230769124,0.762787613636369
15372,CV0PJ6V,1,Home,0.5674036066153483,0.5291782772431826
15373,CV0PJ6V,2,Home,-0.5067307692307877,0.7069472727272669
15651,Z9HE0WS,2,,0.0850761558654026,0.3497188612818213
15652,Z9HE0WS,3,,1.0799882898653723,0.5136574574499934
15653,Z9HE0WS,4,Home,0.5663825928077623,0.5285038588068207
15709,VN6J51X,0,,-0.5470074704615254,0.7576434757386259
15710,VN6J51X,1,Other,-0.7610985419422647,0.7940127940159132
15711,VN6J51X,2,,0.4431557386692345,0.4553564705324857
15873,YIG8WQ6,3,,0.1719270371346376,0.3832389976272847
15874,YIG8WQ6,4,,-0.124704112403849,0.6056120793204461
15875,YIG8WQ6,5,Work,0.0866053130768559,0.501759274838649
15876,YIG8WQ6,6,Home,-0.6448419196094904,-0.0811429852880805
15877,YIG8WQ6,7,Home,0.0434156264220979,0.5508585108937579
16254,HWFSAO0,0,Work,-0.1086110562028316,-0.0038400152819629
16347,LMPS5G0,0,Home,0.0671955660961092,0.6008902097295372
16348,LMPS5G0,1,Home,-0.0802146843845725,0.5759420094681867
16417,WM6KURU,2,,0.047001438923043,-0.0094261210977432
16433,JL0VQVB,0,,0.8074922972859536,0.5186882584031717
17582,TFW6X5G,1,Home,-0.1170884615384966,-0.0018484090908866
17651,1I5CCLF,3,,-0.1336901228845907,0.5696233707363515
17652,1I5CCLF,4,Home,-0.6551493807693016,0.7160128242159146
17653,1I5CCLF,5,Home,-0.199360961870797,0.6472766096967385
17654,1I5CCLF,6,Home,0.1443412285045719,0.5398153066313484
17655,1I5CCLF,7,Home,-0.2056538461538644,0.4079731818181857
17797,0IXYEJ7,0,,-0.0815869787177836,0.120080965071911
17798,0IXYEJ7,1,,0.0936256541315306,0.2955800858794125
17799,0IXYEJ7,2,,0.0443533671398585,0.4865793946559025
17800,0IXYEJ7,3,,0.0876713586806485,0.2636178482117606
17801,0IXYEJ7,4,,0.0622683263031152,0.1915699140952828
17967,9X9TDRM,2,,0.0642889369422656,-0.009913613847733
18003,SNTD96I,4,,-0.4754399707692769,0.8346450566772788
18004,SNTD96I,5,,0.2154954663831275,0.5482716964719871
18005,SNTD96I,6,Home,-0.6745395627794817,0.7224268071370047
18220,VSQM72V,1,,0.4313522369231043,-0.0111068221681811
18221,VSQM72V,2,Home,0.3510534076345641,-0.0327900889909024
18222,VSQM72V,3,Home,-0.9670088293970072,0.1763654829982004
18384,3MNYHM5,0,Home,-0.742266948345899,0.7974023373180772
18385,3MNYHM5,1,Work,1.759356671839613,0.3791058138012866
18386,3MNYHM5,2,Home,0.2129247328917478,0.5343418690302534
18448,FDD67FY,1,,0.0615158704422819,-0.0053301357477376
18520,HU0AB2Y,2,,1.0755420884999998,0.4879830903159087
18522,PE6749L,1,,-0.1211672230576619,0.4298974284227331
18537,SBJAFJM,1,Home,-0.774127113076892,0.0743930205431815
18538,SBJAFJM,2,Home,0.4446470690192499,0.0013021962209304
18551,LNIHJO6,0,,0.6885996373903159,0.5160074383020389
18552,LNIHJO6,1,,-0.472365175417885,0.9525499093261642
18553,LNIHJO6,2,,0.1745164601174076,0.9050801437009636
18557,LRUF6EX,2,,-0.2621397358654122,0.7202114330795506
18558,LRUF6EX,3,Home,-0.8379219909898458,0.7523924415657784
18559,LRUF6EX,4,Home,-0.4918515449034172,0.743860785135492
18560,LRUF6EX,5,Home,-0.6349316413928977,0.8903518756736466
18669,30PZXDS,1,,0.9895980769231312,0.4230165909090665
18718,0WC3Z55,1,,-0.0880662500576824,-0.0047740670659218
18892,H2R00AP,1,,0.4264290371346806,-0.0108398725613735
19160,L0VSAWL,0,Home,0.0650725082500017,-0.0050164303136313
19174,U5AQZ4H,0,Work,0.8002067839076585,0.5206766815446423
19232,UCR0MLL,2,,0.0753956324615233,0.5483455509772702
19233,UCR0MLL,3,,-0.1279293265383795,0.5677929276477265
19334,KRD52OI,0,,-0.2608488121922913,0.7740793790340892
19386,DBL0X78,6,,0.0880767978269045,0.6259801936545337
19387,DBL0X78,7,,-0.6586313356346611,0.8033883575863605
19388,DBL0X78,8,Home,-0.344823013931182,0.6619740454297457
19389,DBL0X78,9,Home,0.0908138075115769,0.566542694514447
19390,DBL0X78,10,Home,-1.0047699473670724,0.7462286007675419
19515,TVX8TPV,4,,-0.0853776607692495,-0.0049814175772766
19762,6GW9JIZ,3,,-0.975107572153841,0.1579203429545416
19763,6GW9JIZ,4,Work,-0.153510277923098,0.4485969339886373
19764,6GW9JIZ,5,Work,-0.451682665903823,0.6900035737181721
19765,6GW9JIZ,6,Work,-0.7398398773269333,0.7988452567909194
20099,CZ2OMIL,3,,-0.1796736538461579,0.7587453409090928
20100,CZ2OMIL,4,Other,-0.374424615384645,0.7426594999999968
20104,0ORMDCX,3,,-0.2454136343269453,0.4280901001704561
20105,0ORMDCX,4,Home,-0.3427884615384339,0.7388609090909112
20106,0ORMDCX,5,Work,0.3022701208664535,0.2887894274425418
20107,0ORMDCX,6,Home,-0.4730386531717238,0.6754312366247012
20231,MQ2JYU1,2,Home,-0.372639889615422,0.6517188059658935
20232,MQ2JYU1,3,Home,-0.4025351895384637,0.7404664233318191
20233,MQ2JYU1,4,Work,-0.8123263070509422,0.721513611903472
20234,MQ2JYU1,5,,-0.0947937049771148,0.5394705005950515
20358,K22POF9,3,,0.220545584519246,0.4837739436545352
20359,K22POF9,4,,-1.2124012398077213,-0.0936592738409014
20360,K22POF9,5,Work,0.3480955938539956,0.3720785367459152
20824,YYK7Y7Z,1,,-0.1270844697884181,0.001487050847728
20826,VJDJL6M,1,,0.6584424063269072,0.5552026139658972
20827,VJDJL6M,2,,0.0223796961538353,0.5497260572590851
20828,VJDJL6M,3,Home,0.2544148354774005,0.5719388217749805
20829,VJDJL6M,4,Other,-0.5106997888838288,0.0672187975369844
20990,K4QAR6T,2,,-0.1214085763076629,-0.0053682885909335
21118,P8IFV93,1,Home,0.6010365567692115,0.5495122456136217
21119,P8IFV93,2,Work,0.7031167642406243,0.5273029327641859
21197,8YG9NLX,0,Home,0.0868015862935439,0.626551787284303
21198,8YG9NLX,1,Home,0.1499756065911276,0.6046704480593847
21199,8YG9NLX,2,,0.0544854155882367,0.0027278817512733
21733,4TZZ4JV,1,Home,0.0981221153846424,0.0013913181818122
21796,TGY2ULP,2,,0.6955416646731128,0.5238887133795275
21797,TGY2ULP,3,,-0.7501284615384666,0.7968508863636335
21798,TGY2ULP,4,Home,0.553879300269276,0.5477965559386367
21874,F17PUWE,0,,-0.6325532874807934,0.7577872452409009
21887,6T4PQ93,0,,0.0704830529615432,-0.0081592647045396
22003,OL1EW1M,1,,0.0699792616923285,-0.0077045796272818
22020,T1F5SV5,2,Work,-1.0676673076923229,-0.049217045454565
22021,T1F5SV5,3,,0.2672333949038331,0.5997041666113712
22022,T1F5SV5,4,,-0.0339081355192298,0.4130016372818079
22023,T1F5SV5,5,,-0.1361236591538402,0.525164692681834
22024,T1F5SV5,6,Other,0.14601308890389,0.1947710423977395
22025,T1F5SV5,7,,0.4341723479424792,0.578227772579596
22146,5V01GOQ,1,,0.6198438174230104,0.4792614384249973
22147,5V01GOQ,2,,0.2964980481922684,0.4963085673954472
22153,D11Z4H6,0,,-0.0874254780674793,-0.004261863502593
22327,6B5WRFI,1,,-0.2190828631346154,0.0880596041045324
22328,6B5WRFI,2,Home,0.408683999211511,0.4549951428954548
22329,6B5WRFI,3,Home,-0.8666547263846182,-0.0869466103568138
22523,Z8F5TZU,1,,0.0317352272307842,-0.0085593670340858
22524,Z8F5TZU,2,Home,-0.1767678720097443,0.4929084371436713
22568,ZB9N105,2,,-0.1164671419807789,-0.0013635376386454
22641,8BCFQAD,1,,0.1961321234423076,0.5903301038204487
22642,8BCFQAD,2,,-0.3990906373653979,0.1499174495022719
22723,VF9R62R,0,Home,0.7934903085384865,0.5194964858454616
22784,HEYTT47,1,,-0.0127842581346426,-0.0039306102181865
22785,HEYTT47,2,,-0.1626526814615917,0.755726059052271
22797,M9K2XB5,2,,0.0515728622499681,0.6108197147272905
22798,M9K2XB5,3,Home,-0.4251472251346851,0.0680574331681624
22927,TLUSUNC,0,,-0.1210696401731198,-0.0056498549340876
22947,7X9T3IT,0,,0.1210379617884181,0.6368079984272803
22948,7X9T3IT,1,Other,1.023446552461542,0.3968935459386349
22949,7X9T3IT,2,Other,0.0762472478076974,0.5139902735409143
22976,P61IAEA,2,,-0.0884341302115094,-0.0076454573727312
22977,P61IAEA,3,,-0.0427285966538424,0.0214016140522653
23168,4ZAI34U,1,,-0.0977943634422699,-0.0045709165772804
23199,KSNFLRA,1,,-0.0952342046973705,0.1525352353689585
23200,KSNFLRA,2,Work,0.2864276675635957,0.5426496985283916
23277,G0URVPU,1,,0.0683527703269418,-0.0077013314772823
23599,P29BWW9,1,,0.2229139168461475,0.852795320181832
23600,P29BWW9,2,Home,-0.1522717031555635,0.7956644392783289
23621,1NKTXMK,0,Home,-0.0386803711404011,-0.0643028160065968
23622,1NKTXMK,1,Other,0.4278927058375009,-0.0053873245011553
23672,UDQQPDR,1,Home,0.152169769749984,0.3863880730068159
23673,UDQQPDR,2,Home,-0.86739985203462,-0.1462429213252981
23708,6YT13BS,1,,-1.0243236980769652,0.0980834104340875
23709,6YT13BS,2,,0.6233832850000228,0.5287195945886253
23710,6YT13BS,3,Work,0.0690560231958037,0.1979077014485863
23766,M8PF8RC,1,,2.926050123673048,0.7791752104068299
23767,M8PF8RC,2,,1.4782709335385096,0.7244849470636444
23791,V2A9RXW,7,,-0.4503500000000387,0.1052149999999913
23792,V2A9RXW,8,,-0.2747803000769014,0.1344685398727247
23793,V2A9RXW,9,,-0.8741852275384153,0.109558805027261
23794,V2A9RXW,10,,-0.7414356374038317,0.0911183157340778
23795,V2A9RXW,11,,-1.0264713340192806,-0.0885484697159104
23796,V2A9RXW,12,,-1.6576725260962295,-0.0122724676590832
23797,V2A9RXW,13,,-1.3826956213005666,0.0129595833200501
23798,V2A9RXW,14,,-1.04310106507494,0.0643762140582899
23855,GC5YVN7,1,Home,-0.7322504284230703,0.7978371799113477
23856,GC5YVN7,2,Work,-0.9356425232022338,0.1537174463511101
23860,GFSVIC7,0,,-0.0960059640504101,-0.0024699434884761
23861,GFSVIC7,1,Other,-0.0224671028595718,0.0221368321204614
23880,HTNCOZ4,1,Home,0.0674097147307976,-0.0080969599681876
24534,M7BU6GY,3,,-0.128956008865363,0.0031578866954424
24535,M7BU6GY,4,,-14.85595046251528,-3.30498446727343
24657,Q4KLOSX,2,Home,0.2469414014038954,0.5086938467886423
24658,Q4KLOSX,3,Home,0.2434907692307366,0.5422211590909042
24659,Q4KLOSX,4,Home,-0.0610396153846004,0.6171616590909097
24673,4Q7OSJA,2,,-0.2122618613268618,0.8552612757341047
24674,4Q7OSJA,3,,0.7536145302884436,0.4352477752386353
24736,2N04MIR,2,,-0.6573839960192707,0.8033173234568002
24737,2N04MIR,3,,-0.0021136879038836,0.5525280935863492
25037,QZ2PIXT,0,,-0.1798225093788443,-0.0294959639961109
25038,QZ2PIXT,1,,-0.0185711538461894,0.0068913636363309
25131,A1E4BWK,2,,-0.208434984711537,0.4735721247159147
25132,A1E4BWK,3,Work,-0.2709596844771459,0.4186296308968537
25133,A1E4BWK,4,Work,0.1449884492025307,0.523367677629774
25502,MHNHGTE,1,,-0.129313552096146,0.0033587438204434
25503,MHNHGTE,2,,0.0796044219478172,-0.000439715656371
25510,7DO26LY,1,,-0.0592243114230916,-0.0087322222045378
25511,7DO26LY,2,Home,0.1214581699614961,0.0043097754772474
25512,7DO26LY,3,Home,-0.4773644512884263,0.0975195290499967
25513,7DO26LY,4,Home,-0.416300085903896,0.1563983956477255
25514,7DO26LY,5,Home,-0.0370711523732037,0.0218977268434209
25520,20E1IQT,3,,-0.118796894653884,-0.00711822115454
25521,20E1IQT,4,Home,-0.0247331917545644,0.0208745869781944
25588,6ZATWUE,1,,-0.6440154144808115,0.186612740620457
25737,9AU5OBD,0,,-0.1166996665962043,-0.0075042403409013
25738,9AU5OBD,1,,0.0884866201055133,0.0016399435523017
25739,9AU5OBD,2,Work,-0.932892875822705,-0.1443411809041261
25765,VDEJEMP,2,,-0.5286841010961327,0.8545153015909124
25766,VDEJEMP,3,,-0.5361223976922999,0.1534661915977193
25772,F13OJEO,0,Other,0.0596557387344718,0.4554321860725375
25808,ZCRXM7E,1,,-0.0997294267692118,-0.0016126996681913
25811,YG96QWA,1,Home,0.0686389528076635,0.787112517638637
25964,F4CNTWZ,1,Work,0.8770141284615011,0.5450650873522759
25965,F4CNTWZ,2,Home,0.8016276223846855,0.5174574052931835
25966,F4CNTWZ,3,Home,0.0049544043826826,0.5478212189441736
26118,JIB0U73,1,,-0.1845354125576717,0.8581670671454569
26119,JIB0U73,2,Home,-0.2546525267114803,0.4540817458204533
26120,JIB0U73,3,Home,-0.8730045452691976,0.1111511389818117
26121,JIB0U73,4,Home,-0.1176485178722503,0.51891018760961
26246,L9G24M2,2,,-0.0296710750961649,0.6145311857704527
26277,7NGMW1A,3,,0.4991038355577216,0.5237987431386377
26278,7NGMW1A,4,Work,-0.6180893957884421,0.7875771945908908
26391,OV2034N,1,Home,3.4998322158846467,0.7823787031750008
26466,ZDIPKDY,1,Home,3.108824000442304,0.60857787036137
26502,42C98DL,1,,-0.1225551688846493,-0.0022784185886496
26566,8MB8MAQ,1,Home,0.8426491167692064,0.4369915200068022
26755,MLY7UJE,1,,0.433685640057681,-0.0115977433113686
26756,MLY7UJE,2,,1.2875961711153605,0.0466669699431808
26757,MLY7UJE,3,,0.1029188688572208,-0.0551398580386384
26758,MLY7UJE,4,,-0.2051020098808453,0.1750850759404387
27322,9EB7EYY,1,,-0.0213970312692607,0.0217760807409045
27323,9EB7EYY,2,,-0.1380215790192107,0.0016167009431875
27324,9EB7EYY,3,Home,0.5165886716923654,-0.114166901870454
27325,9EB7EYY,4,Home,-0.0213255009615666,-0.0164909192250045
27326,9EB7EYY,5,,-0.0696600852749983,0.409068392553912
27369,O2A3C4H,2,,-0.0636432415000576,0.5814990577363586
27370,O2A3C4H,3,Home,0.1504010660192263,0.376919661056814
27371,O2A3C4H,4,Home,-0.2149653439675555,0.640970184721681
27377,80CT0D5,2,,-0.1001499855384232,-0.0085960693113598
27450,A8YCWHC,2,,-0.0882608344230551,0.4613975368681743
27473,QIQCEQS,3,,0.185998092346174,0.3521137996159029
27474,QIQCEQS,4,Home,-0.4077577359616153,0.9466246657750026
27475,QIQCEQS,5,Home,0.0480919563654082,0.5726607218386187
27525,96R6ZP5,2,,-0.0030390650576596,0.001414363354548
27526,96R6ZP5,3,Home,0.331919236290179,0.0830486118793291
27587,U6PHSKT,3,,0.5213137784038046,0.491248571154546
27588,U6PHSKT,4,,-0.1190529479999997,0.5546931379227257
27589,U6PHSKT,5,,0.3940196772692584,0.5357886176340958
27590,U6PHSKT,6,,0.4889705638462116,0.5672372090136267
27591,U6PHSKT,7,Work,-0.1069802936154363,0.6285991514227134
27592,U6PHSKT,8,Work,0.2888526382884688,0.4836307297659164
27593,U6PHSKT,9,Work,-0.3931456342950561,0.7405037725778423
27657,VBZKF8C,1,,-0.226756538461511,0.0025353181818197
27658,VBZKF8C,2,,-0.0259828861730766,-0.0023533390272783
27728,LH12F3R,1,,-0.3829721248845614,0.7060038330022652
27729,LH12F3R,2,,-0.1388675984615418,0.6344804735591032
27904,P4UIR87,4,,0.6542077507499423,0.5237013631818042
27905,P4UIR87,5,,0.2950042307692098,0.2907458863636348
27906,P4UIR87,6,,0.0320822522499664,0.5378464703227204
27907,P4UIR87,7,,0.0180009419999705,0.4838757788136366
27908,P4UIR87,8,Work,0.3465809570350203,0.3564396236430333
28303,J91BLFB,0,Other,0.5071267534938085,0.5558077625252812
28304,J91BLFB,1,Work,0.4608577966182262,0.0103630773910785
28388,JNVC68C,3,,0.0407418313460842,0.5799116059341065
28389,JNVC68C,4,,-0.6037330654230472,-0.0722770221659052
28392,JNVC68C,7,,-0.0541125580665585,0.4402868490327472
28393,JNVC68C,8,Home,-0.94765391142959,0.0987433445724378
28394,JNVC68C,9,,-0.1453615384615733,0.5951095454545551
28412,FLDMRRW,0,Home,-0.5752456775432289,0.9415856179865932
28413,FLDMRRW,1,Home,-0.5131516088246124,0.696408854289472
28425,1Z39OE6,2,,0.1467938943269424,0.5392497157227275
28426,1Z39OE6,3,,-0.0962054823846403,0.8645826104863483
28554,K6X9VYP,0,,0.0692167367307967,-0.0094089422159271
28555,K6X9VYP,1,Home,0.1619416804195498,0.0233100259846031
28909,GDJ5Q3V,0,,-0.7743335036537944,0.7845952825431829
28910,GDJ5Q3V,1,Work,0.2994935564518965,0.5593540695580398
28940,XPCQBDO,0,,-1.0348264508269238,0.1154847335292985
28941,XPCQBDO,1,Home,-1.5148171310426004,-0.0484200153838545
28987,00OT8JX,3,,-0.4900687695192102,0.6986148890636399
28988,00OT8JX,4,,-0.0354406379038473,0.6451980709386264
29122,IVRFSLY,1,,-0.0365558098461926,0.4750708083022777
29123,IVRFSLY,2,,-0.0062005329038738,0.4181567721045378
29124,IVRFSLY,3,Home,0.1117732847152424,0.4388768826888093
29344,355FSZ4,1,,-0.1628732176923732,-0.0424926762341053
29345,355FSZ4,2,,-0.8292063615881345,0.0659152398055214
29549,7TN8LIV,2,,0.2006626561730927,0.3863605752204487
29550,7TN8LIV,3,Other,-0.6623177598076939,0.1184155498886312
29551,7TN8LIV,4,Work,-0.4187404085576596,0.6354427005750035
29665,ROQNRKT,2,,-0.0207500000000139,0.4563609090909141
29666,ROQNRKT,3,,-0.9619711538461756,0.0822754545454404
29667,ROQNRKT,4,Work,-0.1131750356922786,0.5640083117908997
29759,ZGFSYCZ,5,,-0.1783555599807871,0.4927556580318046
29761,ZGFSYCZ,7,,-0.0060329324423646,0.5460763738568174
29762,ZGFSYCZ,8,,-0.0621108140962138,0.4392612946204453
29763,ZGFSYCZ,9,Other,0.1950451589463239,0.5426946560090228
29766,ZGFSYCZ,12,Home,-0.084479494547101,0.6341196867973764
29767,ZGFSYCZ,13,Home,-0.1161730769230728,0.5707072727273008
29784,2YXLN4W,1,,-0.1125446645961703,-0.0058795954409163
29841,46W8Z2P,0,Home,-0.8945692307692642,-0.2822388636363773
29842,46W8Z2P,1,Home,-0.6864794250577085,-0.1926218965522908
29843,46W8Z2P,2,Home,-0.483158632683141,-0.1837608914145224
29844,46W8Z2P,3,Work,-0.99270661576444,-0.2210803627967723
29921,TKHZ5O0,0,Work,-0.8539441848774444,0.1463563645427846
29922,TKHZ5O0,1,Other,-0.0708698425390039,-0.0726186219866908
29923,TKHZ5O0,2,,-0.3987541537094169,0.1331106715581602
29924,TKHZ5O0,3,,0.2076437407186129,0.2804972949353107
29936,RCL8AWW,0,Other,-0.7786130319615896,0.0915183911250111
29937,RCL8AWW,1,Other,-1.0522246767365928,0.0394360223550551
29938,RCL8AWW,2,Other,-0.9545003034851964,0.0816599701911294
29980,SVDG8PX,1,,0.1145217836345725,0.0039123187454622
29981,SVDG8PX,2,Work,-0.0155422868780821,-0.0165571392062606
30251,ZV19364,0,,-0.0406115384615686,0.4858872727272604
30252,ZV19364,1,Other,0.1116845515476937,0.7864929776300086
30281,TBR3IGG,0,,2.018471143423067,0.7532579696863554
30282,TBR3IGG,1,Home,1.489150655535397,0.6424591155214737
30302,UVQ0FHJ,1,,-0.0471682085577261,-0.0120625243318109
30502,LZ909IB,2,,-0.1760461538461532,0.4932740909090869
30503,LZ909IB,3,,-0.9445384615384976,0.0471711363636149
30504,LZ909IB,4,,-0.0215968804423002,0.4696052223431859
30505,LZ909IB,5,Home,-0.7482160522114997,0.219424462454561
30506,LZ909IB,6,Work,-0.779263334480774,0.164883418515901
30507,LZ909IB,7,Work,-0.5075393780407834,0.6735712161118491
30508,LZ909IB,8,Work,-1.0163820046186889,0.165041912685738
30509,LZ909IB,9,Work,-0.6783700822073538,0.2625645940953848
30510,UPHW8LM,0,Other,-0.3912334202627415,-0.1091400459408966
30746,S7VJUUO,2,,0.9175996133653994,0.4312035576931698
30747,S7VJUUO,3,Other,0.043739269881139,0.5914688341092433
30838,DM2KUPW,1,Home,-0.0997738659615037,-0.0024871194659164
30932,VXJJYH2,2,,1.306434139576943,0.7535905340500071
30933,VXJJYH2,3,,-0.6583811624614752,0.7122441761363619
30934,VXJJYH2,4,,-0.135078309230704,0.5802341161772806
30999,PBYNIWR,1,,0.0913040941731031,0.4614714957909098
31032,HL5I5TL,0,Work,-0.1249653846153729,-0.0010463636363508
31150,13HY3SZ,1,,0.069907549942286,-0.0095268305295351
31172,W7S4VFA,2,Home,-0.5115770147307999,0.6975782204795491
31173,W7S4VFA,3,Work,-0.3372521901457238,0.6243056489584475
31201,GC1ZAJE,1,Home,-0.0971042599039213,0.4680162336977155
31422,3WB1JXR,2,,-0.2189236587692322,0.8488655281818175
31423,3WB1JXR,3,Work,-0.3533001895577405,0.7277914220159046
31424,3WB1JXR,4,Work,-0.464741301251928,0.7019115656645335
31425,3WB1JXR,5,Other,-0.6127459494635082,0.2158431038260271
31500,UO5X10D,7,,-0.4368176098846201,0.7344376460545479
31501,UO5X10D,8,,0.8062551660000611,0.5044929893181783
31502,UO5X10D,9,Home,-0.2369618622884745,0.8591595061795535
31503,UO5X10D,10,Home,0.1259869735238148,0.6166917660005566
31504,UO5X10D,11,Home,-0.3354800406413851,0.779115378856659
31510,11ZIT7S,1,,1.578156348538532,0.7135968691249971
31511,11ZIT7S,2,,0.1527174575102903,0.5181829231706359
31722,ZQNLMD5,1,,0.4482644230769119,0.3579692045454555
31723,ZQNLMD5,2,,0.1677740540000203,0.3561112054363509
31724,ZQNLMD5,3,,-0.1852464018187784,0.6450079760768029
31725,ZQNLMD5,4,Home,-1.1728619488754823,-0.1235081519593098
31730,N1SVZ00,0,Home,1.0297063474807675,0.404426087511359
31731,N1SVZ00,1,Home,0.0337826329422836,-0.0092365551136453
31732,N1SVZ00,2,Home,0.1322222802115411,-0.0523947855272768
31733,N1SVZ00,3,Home,0.1119417531667392,0.4806173325684322
31843,91QR8PK,0,,-0.3334086111923565,0.1605688405477396
31866,Q8ABZCD,1,,0.4267781181154176,-0.0108300298841064
31923,IW70NTJ,1,,-1.4742832212500632,-0.0827795318363627
31924,IW70NTJ,2,Home,-1.475770961556329,-0.1495849090838297
32016,MW4FJ89,0,,0.066637764096169,-0.0056921799772912
32112,A3O5ZBY,1,,-0.0107147569423479,0.0063507185545284
32113,A3O5ZBY,2,Home,-0.0637653846153719,-0.0607759090909389
32150,B99YKKP,0,,0.6977230769231276,0.5207736363636358
32151,B99YKKP,1,Work,0.6326631547561392,0.4052775318444018
32244,EW60PG0,0,,1.0710726874807364,0.7447430990522725
32367,DGRUO7S,0,Home,-0.2052284408594206,0.855534714053962
32368,DGRUO7S,1,Home,-0.3429475273932807,0.7314113584140235
32369,DGRUO7S,2,Home,-0.3198946325237325,0.3651514690030685
32402,FOHLU6B,0,,-0.5923595287205885,0.0830295620994261
32411,2LS6BMO,1,,0.4263801594423597,-0.0108395226250027
32412,2LS6BMO,2,Home,-0.4391905962884403,0.1736051253181849
32419,KYWHHOA,0,Work,0.6542417444330927,0.5416355969622763
32420,KYWHHOA,1,,0.7343291964853715,0.5199278628623487
32532,4W92U09,2,,-0.0312237321537898,-0.0124062845772922
32533,4W92U09,3,,-0.9706947315769248,0.120830760154547
32534,4W92U09,4,Work,-0.0371220486991267,0.022024318067502
32601,FJAYT4D,0,,0.0987066052884352,0.0060009420159026
32602,FJAYT4D,1,Home,-0.0176970981218443,-0.0168895816261157
32651,E5UIWAQ,0,Work,-0.1734071994161317,0.1453285408488635
32652,E5UIWAQ,1,,-0.03960079733351,0.6296713792465105
32800,CQX670H,0,Home,0.1152724601346103,0.6082047161999975
32801,CQX670H,1,Home,0.620063353835649,0.5474784367463795
32802,CQX670H,2,Home,0.2097179035012693,0.2807365601712821
32869,Y39V6UD,1,,-0.1439433195961508,0.6445990984318006
33150,VASI5LQ,0,Home,0.2911365659423076,0.543939113672729
33151,VASI5LQ,1,,-1.119470625532697,0.063689463517879
33154,4IYADAD,1,,-0.4281357130961243,0.7086007089659064
33155,4IYADAD,2,Home,-0.4295942471538253,0.6453483318477315
33156,4IYADAD,3,Home,-0.053022346392527,0.6324384401625529
33157,4IYADAD,4,Home,-0.4558663420340726,0.6759855273449653
33158,4IYADAD,5,Home,-0.146451023277168,0.6862418391943919
33159,4IYADAD,6,Home,-0.1303902490811173,0.5686560563601969
33278,H3P2F2J,1,,-0.1094030752691629,0.5152386794909083
33483,EZ6IZI3,1,,0.0882673076922919,0.0038034090908987
33630,11EHTC2,1,,-0.083683751346128,-0.0043299755454513
33671,IRPSTIF,1,Home,-0.3584070259230834,0.0537908015250113
33728,SJBYQAJ,1,Other,-0.2008847281922596,0.0939110053681933
33729,CTW1DEL,0,Other,-0.0968661216538789,-0.0083969865249985
34010,LFH8TV2,3,,-0.4979659065192714,0.6897787648568193
34011,LFH8TV2,4,,-0.644527994615388,0.7227771162636325
34139,DQVF6BI,1,,-0.0938014131730394,-0.0081524961295543
34165,6VPSROF,1,,0.2955818629230792,0.5544122536750021
34294,CQ3PH0P,1,,0.2525615384615139,0.6116545454545532
34295,CQ3PH0P,2,Work,1.5801486188918723,0.6475280517452864
34296,CQ3PH0P,3,Work,-0.2532809983915732,0.5348629477553594
34297,CQ3PH0P,4,Work,1.2690863461540474,0.6247170681817754
34360,SI3GJ8K,2,,-0.729042306211562,0.7953070450227246
34361,SI3GJ8K,3,Other,0.059365384615399,0.51470909090908
34362,SI3GJ8K,4,Other,0.0174936620768772,0.5386031299568048
34363,SI3GJ8K,5,Home,-0.5864698250206629,0.7785454094409783
34402,Y4G21YD,0,,-0.0936201056538191,-0.0081133861113646
34643,5NZHWV4,3,,0.0067481051731104,0.4834894351590815
34644,5NZHWV4,4,,-0.6298562877115701,0.163179001561354
34645,5NZHWV4,5,,0.4104470108461068,0.3081552894272816
34646,5NZHWV4,6,Home,0.201674820326951,0.3134060252795365
34773,AUJ0I1F,1,,-0.1697298443077093,0.6202453728931833
34774,AUJ0I1F,2,Home,-0.3722062302307806,0.7059922579954536
34775,AUJ0I1F,3,,-0.4960585864142031,0.6681510506241979
34776,AUJ0I1F,4,,-0.0147043603148016,0.820577913808072
34777,AUJ0I1F,5,,-0.5428472026143826,0.7471620352494287
34778,AUJ0I1F,6,,-0.0528303740994905,0.5304349796338503
34779,AUJ0I1F,7,Home,0.0472115274738384,0.0015612732280507
34804,UDVTU41,2,,-0.777462692307698,0.7856490000000035
34805,UDVTU41,3,Home,-0.3852455195768886,0.7057241945159025
34822,XT0RHK9,1,,-0.1141923933846592,-0.0074133457159191
34823,XT0RHK9,2,,-0.0411157353654202,0.021163663411353
34852,XJ8RDQI,3,Home,0.4392828600961112,0.0062497397113665
34853,XJ8RDQI,4,Other,-0.6159699552307523,0.1013837573159169
34854,XJ8RDQI,5,Other,2.119592495942324,0.7384455565113648
34855,XJ8RDQI,6,Work,-0.780135915269185,0.0731609259113503
34856,XJ8RDQI,7,Other,-1.1635013534230845,0.0528702260659165
35011,3CS6P25,2,,-0.4359326923076611,0.6433831818181995
35012,3CS6P25,3,,-0.6405270951346121,0.7152096673681709
35013,3CS6P25,4,,-0.4545076761923591,0.7355001270931802
35153,QHB6RLY,2,Home,-0.1245218596730615,-0.0016342628341028
35154,QHB6RLY,3,Home,-0.5357773899616078,0.0510631543159014
35155,QHB6RLY,4,Other,-0.0318128462040501,0.021586281663133
35234,O83NGJ2,1,Home,0.0710773640000107,-0.0552358389636482
35235,O83NGJ2,2,,-0.0970601156881855,-0.0686535933663961
35516,UFIT0C2,2,,0.0018369654807879,0.8445106805363501
35517,UFIT0C2,3,,0.1294565893460879,0.6344213373295334
35518,UFIT0C2,4,Home,0.6773610322500543,0.4412343043022841
35540,37DP7LB,0,Home,-0.2914139096538598,0.7327034287113714
35541,37DP7LB,1,Home,-0.5064513366344098,0.7364100931460407
35542,37DP7LB,2,Home,-0.6007634196909916,0.6871522705764577
35701,0KND4GI,3,,-0.4987950236922748,0.699480157602269
35702,0KND4GI,4,Home,-0.6772358962114974,0.7319382178499889
35703,0KND4GI,5,Home,-0.2640829238551428,0.4332353503370217
35871,1G61VAO,0,Home,-0.3694979759634375,0.1276113679274398
35876,HBC5CNZ,2,,-0.1315328089999987,0.0003809488636299
36086,K9VYYXJ,2,Other,0.9113504786923524,0.4234271052795554
36087,K9VYYXJ,3,Other,-0.6444953971538375,0.7475577621454483
36088,K9VYYXJ,4,Other,1.0414944098654506,0.4021240106386179
36176,3P2FF9N,2,,1.047309924980801,0.4834338372545387
36177,3P2FF9N,3,Home,0.2151974398723755,0.5523909030211784
36178,3P2FF9N,4,,0.0468806281067861,0.5005839744752252
36183,PN8OGWA,1,,0.2972062235961254,0.0265121036181785
36184,PN8OGWA,2,,-0.0351780373654048,-0.0692631923659096
36185,PN8OGWA,3,Work,-0.1237686762884776,-0.0048932350272711
36186,PN8OGWA,4,Work,-0.890435146576887,-0.2769366449204613
36207,1LUAOFJ,2,Work,-1.3608669498653712,0.0587325422772625
36208,1LUAOFJ,3,,-0.2042703357115178,0.5936623646431822
36209,1LUAOFJ,4,Home,-0.1613068904553666,-0.0412893848489629
36210,1LUAOFJ,5,Home,-0.8089261056834345,0.0439195286533206
36211,1LUAOFJ,6,Home,-0.4899332531998133,0.0951424212105715
36212,1LUAOFJ,7,Home,0.0627301215019821,-0.0610207321378976
36391,UHVBNGM,2,,-1.1148051477115275,0.0547397953863475
36392,UHVBNGM,3,Home,-0.0592360634807434,0.6331496284181849
36393,UHVBNGM,4,,-0.7609247872005931,0.2219478867942675
36763,JXUWZ2D,0,Other,-0.7392136864808173,0.0949051949113609
36901,HEMMG81,0,Home,-1.3619431689440125,-0.1405622769486028
36995,O5HS6H7,1,,1.7009594230769305,0.38712479545455
37292,6OJW4UR,0,,-0.1001697107500411,0.8643529150863551
37293,6OJW4UR,1,Home,-0.770272893719138,0.0516218089244546
37354,S9NHAF7,2,,1.7142818539807596,0.3685442626363559
37355,S9NHAF7,3,,1.0566500841730622,0.4009856783272804
37356,S9NHAF7,4,Home,0.5428644924614751,0.4313599317818133
37357,S9NHAF7,5,Other,-0.767592769596436,0.7935913625617187
37358,S9NHAF7,6,Work,1.3278803728857744,0.4027984061024388
37491,S14GAXY,0,Work,0.1120586371154129,0.8987511892886325
37492,S14GAXY,1,Other,0.0016925586730455,0.4316485983545274
37493,S14GAXY,2,,0.2072180811877423,0.549291088831748
37494,S14GAXY,3,,0.2943465846373331,0.4183415976335931
37674,MFYSFFJ,1,Work,-0.5076703962500566,0.6994025064249828
37764,HFS9ITQ,1,,0.067436479134619,-0.0095424632999911
37790,TVIV80C,0,,-0.4301013438461205,0.1248834359750141
38000,CLUE78E,1,,0.0445539043846514,-0.0079217697454549
38001,CLUE78E,2,,-0.4128680226032621,-0.006189701232047
38002,CLUE78E,3,,-0.7140139797471271,0.0583844808014759
38016,J0NOO8X,2,Home,0.6697948199614898,0.5173661241681733
38017,J0NOO8X,3,Home,-0.0323627308590567,0.6300142449350623
38018,J0NOO8X,4,Home,0.4708349708390422,0.5144732723968715
38053,XW90EAP,3,,-0.6312757276153741,0.7580554662659115
38054,XW90EAP,4,,-0.2128631146731178,0.4537802719340973
38055,XW90EAP,5,Work,-0.7727640384615246,0.7858121136363628
38110,IB555AJ,2,,-0.0973769230769868,-0.0079945454545503
38111,IB555AJ,3,Home,0.161926073865347,-0.0438090151068046
38134,511TAJS,0,,0.7365115113846236,0.5334474058136279
38174,V5T4O78,2,,-0.3923753673268987,0.6749751571704498
38175,V5T4O78,3,Home,-0.3326058246538464,0.6268079517181782
38289,JF2B2KU,4,,0.6855720807884514,0.4776726093477401
38290,JF2B2KU,5,Work,-0.3484224686154418,0.7309412990454791
38671,X65DCB1,1,,-0.0815737766346646,-0.0069748284249953
38804,J4X4OXH,3,,-0.3091084231153552,0.666759732850011
38805,J4X4OXH,4,,-0.0044783246730791,0.5467891494318162
38806,J4X4OXH,5,,-0.3136897796154019,0.6427576276840988
38807,J4X4OXH,6,,-0.3917345146730149,0.7412909625181776
38808,J4X4OXH,7,,-0.0936332277066651,0.6042249663927182
38881,L1LYPLK,1,,-0.2050838461538442,0.8568445681818152
38882,L1LYPLK,2,,-0.6974850631153536,0.7201141248840774
38883,L1LYPLK,3,Other,-0.6673896664230726,0.1932421593613569
38884,L1LYPLK,4,,-0.1844521409045773,0.2358644514620111
39056,RD1HLY8,0,Home,2.9861146334408155,0.6145852131630972
39057,RD1HLY8,1,Home,-0.0960520227496237,0.8474576073614201
39073,TL7Z2DM,3,,0.2149740679807938,0.5768339680477327
39369,1WX8J8V,0,Home,-0.3495942637967393,0.6425040730021211
39426,6314GZI,0,Other,-0.099581889057728,0.7897177973659106
39427,6314GZI,1,Home,-0.2284133568846176,0.8557019573386376
39428,6314GZI,2,Home,-0.3419965796112231,0.7502709640698
39484,JZ9QC6V,0,,0.0545809917115259,-0.0064355439545497
39485,JZ9QC6V,1,Other,0.3215977000020912,0.5436578011959653
39500,R90B4BY,0,Work,0.0707990498845987,-0.007693458659087
39508,IVN9CEJ,0,Other,-0.1101601834615076,-0.002873342793192
39532,MEL54EU,0,,-0.0174962000769096,0.0069836025886293
39533,MEL54EU,1,Home,0.0012048076923129,-0.0199272045454568
39534,MEL54EU,2,Home,0.1966938440734792,-0.0104637098583185
39654,2ERUPY1,1,,0.0257506374230671,-0.0089070453977446
39682,DG3TZ8L,0,,0.756628846153801,0.4275699999999934
40059,ZIPUW2G,0,Home,-0.7408735739154303,0.7974648888815535
40097,D81AWVZ,4,,-0.7709174909038612,0.2246334816454502
40098,D81AWVZ,5,,0.1061918755768886,0.5115847233022816
40099,D81AWVZ,6,,-0.3968392971538423,0.1649711465840887
40100,D81AWVZ,7,,-0.1453789476271012,0.4187504399525261
40310,DK2P6M5,3,,-0.2414284968846813,0.4581524946477207
40311,DK2P6M5,4,,-0.1227217519807529,0.6061414845613522
40312,DK2P6M5,5,Home,-0.6170033698461719,0.7544189983659041
40313,DK2P6M5,6,Other,-0.0902184340454251,0.6496824667425085
40374,P56P3ZA,2,Home,-0.1245767586154109,0.6056142808022712
40375,P56P3ZA,3,Other,-0.636910344499971,0.1106062094841003
40420,32RVJ2L,0,Home,-0.6423535203068766,0.7509506602178759
40576,VFZ78TM,0,Home,1.8045970132692477,0.3387034707204591
40577,VFZ78TM,1,Other,-0.1875861165249965,0.1544517590240968
40578,VFZ78TM,2,,1.663332677166259,0.3716649697585358
40719,FGGA6FH,4,,-0.4993641173653158,0.6608384662841036
40720,FGGA6FH,5,,-0.7787454177115418,0.7849985763227263
40721,FGGA6FH,6,Work,-0.5925936041538813,0.7920621454204712
40722,FGGA6FH,7,Home,-0.1475154510576835,0.5057727841863683
40723,FGGA6FH,8,Work,-0.132940113295797,0.568041382919178
40724,FGGA6FH,9,Home,-0.0310514249151587,0.4295091412457765
40791,CN30C2Y,1,,-0.1291532132115492,-0.0018430988795614
40792,CN30C2Y,2,Work,-0.0418315129307758,0.0191233834666995
40923,N4F5VWP,1,,1.1244783606923023,0.4000227281522798
40924,N4F5VWP,2,,0.3855435178461631,0.4775164885545337
41052,UHJ3C66,0,,-1.046929540467717,-0.1370670961529225
41053,UHJ3C66,1,,-0.8080434139206067,0.0911634712027431
41120,5TRVAO4,1,Home,-0.7380365920576539,0.7988212144772604
41121,5TRVAO4,2,Work,-1.083224566533698,0.0957938380355218
41160,SN3DVA5,1,,0.0215060854230706,0.4481999372431799
41161,SN3DVA5,2,,-0.1097539875320343,0.564762683077291
41418,FLD3R3W,0,Home,2.66906153846149,0.6605834090909115
41419,FLD3R3W,1,Work,0.153555769230776,0.3872454545454464
41469,AMZ2Y02,1,Home,-0.4296048773063101,0.0490645664659215
41535,HSKCXYG,1,,0.1976048380192631,0.6020741957227279
41536,HSKCXYG,2,Other,0.087753840878814,0.6259700747880779
41835,HUOWA6U,0,,-0.0185711538461894,0.0068913636363309
41874,HL62X7Z,0,Home,-0.1240290040647707,0.6053920537233507
41875,HL62X7Z,1,,1.5472592196779391,0.3981260573994293
41983,965U9S7,0,,-0.2546688315220418,0.120709264820269
42062,1PQ0SRF,2,,0.1795097523269294,0.3515506881204497
42063,1PQ0SRF,3,,-0.002694697519277,0.1824960830545446
42064,1PQ0SRF,4,Home,-1.670063966134599,0.0495727480954502
42120,IO10URP,2,,-0.2912311323269793,0.0684444612363583
42121,IO10URP,3,Other,0.6977962652946618,0.4396300126205936
42173,EDOGG5S,0,,0.3031365384615584,0.030922727272734
42174,EDOGG5S,1,,0.4331790194614714,-0.0106844679068307
42333,ECV4XCB,1,,0.2800210527692291,0.019560835963633
42334,ECV4XCB,2,,-0.0355200201922823,-0.0137820104363584
42529,ZHVX0W7,0,Home,-0.1774797267307599,0.0842787445636427
42530,ZHVX0W7,1,Home,-0.3977519216026751,0.165275908661126
42531,ZHVX0W7,2,Home,0.283402016819835,0.4856481850147072
42624,M6O0A56,0,,0.617161508057689,0.5424455560613558
42625,M6O0A56,1,Home,-0.0303151748653775,0.491839454334087
42626,M6O0A56,2,Home,0.2698221971346063,0.4970789202090835
42627,M6O0A56,3,Home,-0.1575066878653552,0.6040628252499918
42628,M6O0A56,4,Home,-0.2345825552838594,0.4471428428865329
42796,EQ0KFIC,1,,0.0474762840768727,-0.0081230632750007
42853,TPTW8SR,0,Home,-1.1481972897602422,-0.1058334754901262
42943,HX76ORD,2,,0.2516742686922678,0.6015462841499928
42944,HX76ORD,3,,0.0503553479089304,0.5516542331102798
42980,3Q4ZI86,2,,-1.4154297390563806,-0.1288481862707617
43030,DI3M0WW,1,,0.4358192307692401,0.4911577954545387
43032,DI3M0WW,3,Home,0.2642081293653759,0.304077112538632
43033,DI3M0WW,4,Work,0.5676023076923422,0.3818145454545355
43034,DI3M0WW,5,Work,0.3756184615384776,0.5602004318181867
43176,FJ8AF4X,0,Home,0.0761122092114606,0.572708727284088
43177,FJ8AF4X,1,Home,-0.1456304483076904,0.1025624444545322
43178,FJ8AF4X,2,Home,0.2854596153845966,0.5579959090909105
43179,FJ8AF4X,3,,-0.6365088667416506,0.1104680127158087
43379,83BW78H,0,,0.5628557692307848,0.5487515909090809
43390,0EJIU3Y,2,,-0.1120200353461788,0.6170816369431813
43391,0EJIU3Y,3,,-0.583336824942284,0.1450381939318333
43392,0EJIU3Y,4,Home,0.1201522610698391,0.5102658346295345
43434,VUNDNK9,1,Home,-0.1067182958269121,-0.0048251571227292
43481,2HP9GY2,1,,-0.0755371541346046,-0.059531945200013
43482,2HP9GY2,2,Other,-0.1301847384038551,0.0006189848499941
43515,PNS8I52,1,,-0.6535494389615443,0.0363062893954563
43516,PNS8I52,2,Home,-0.1615241718148354,0.7552124769850049
43699,8PBQKLH,3,,-0.1698488371923148,0.7924468606999994
43700,8PBQKLH,4,Home,-0.1486712508461418,0.7570927070386453
43701,8PBQKLH,5,,0.6904932204460058,0.5172004116706149
43712,0LFS2HM,3,,0.4525838234038293,0.5235110917022624
43713,0LFS2HM,4,,0.1008473429838537,0.5120641338554122
43824,YYPNRFJ,0,Home,-1.0282538897499955,0.0789262395022794
43911,O1LB7Y6,2,,1.2546505731538913,0.4056215834886428
43912,O1LB7Y6,3,,-0.0138538461538219,0.5275279545454509
43913,O1LB7Y6,4,Home,-0.200563461538501,0.7939513636363744
43914,O1LB7Y6,5,,1.7128615384615464,0.3921243181818362
43941,NCAW0DD,2,,0.0981892880384748,0.5114394183909058
43942,NCAW0DD,3,Other,-0.1208480754498335,0.6063593177506247
43943,NCAW0DD,4,,-0.1642302307458214,0.641414425589821
43982,9CEVJRI,0,Home,0.6831155396538388,0.4322650458545389
44060,4ZFD8TE,0,Home,0.4385833960773718,-0.0116574187123449
44094,10W6Y7S,3,,0.3706670510000786,0.4980346968977297
44095,10W6Y7S,4,,1.68803582661536,0.3913803786249937
44096,JV914FB,0,,0.2546728716538265,0.4958822089908978
44097,JV914FB,1,Other,-0.003561967346103,0.5463157039113716
44232,ZRMB0D7,1,,-0.0920913173461792,0.0824484021386406
44233,ZRMB0D7,2,Home,-0.0194985310988554,0.1550072954397219
44234,ZRMB0D7,3,,-1.3432695506055474,-0.1438159793615387
44315,S918XMJ,1,,-0.1874562961153947,0.8591475551000093
44316,S918XMJ,2,,-0.0702254779807118,0.5665746981454489
44317,S918XMJ,3,,-0.5949728035421532,0.7212231223856176
44438,58RL8XQ,1,,-0.0273164807308009,-0.0043485137795587
44511,HS6QWKT,1,Work,-0.0873026473654254,-0.0044645705750054
44512,HS6QWKT,2,Work,-0.2364550988846531,0.3071160022704543
44513,HS6QWKT,3,,-0.3378558884138516,0.1157231247349188
44570,HRYFAJJ,1,,0.0527559763076317,-0.0052607384000066
44584,QCYII2N,1,,-0.0773676745384419,-0.0761371940704534
44585,QCYII2N,2,Home,-0.7287515386798689,0.0705711136380448
44674,1CKFKCE,0,,0.0075216397307488,0.4837752106522581
44675,1CKFKCE,1,,-0.0858596979615653,0.6482327228250124
44676,1CKFKCE,2,Home,-0.6617563361154061,0.1185289811363632
44677,1CKFKCE,3,Home,-0.4054707992308232,0.1744759555749788
44687,987BLM4,1,,0.0136942307692542,-0.0082102272727334
44769,EQ4MMC5,1,,-0.3130746373461769,0.6416787522386485
44770,EQ4MMC5,2,Home,-0.7741004328462177,0.2161401741522644
44771,EQ4MMC5,3,Home,-0.5428787689038623,0.1958981477999938
44875,20VHCJZ,2,,-0.2150584059230989,0.8543329626772637
44876,20VHCJZ,3,Work,-0.9020369365961745,0.0779196491295445
45048,U69KXRD,1,,0.7955835508461113,0.5209958624954352
45138,8GCISRP,2,,0.1627212055769309,0.5881021670795274
45139,8GCISRP,3,,0.009126250000021,0.546238023145455
45140,8GCISRP,4,,0.2221346441860031,0.556252234068246
45141,8GCISRP,5,,-0.095604595672082,0.5717562541490099
45214,VWJMLZ8,2,,-0.2097112163653644,0.6069969404886356
45215,VWJMLZ8,3,Other,-0.0847821665192361,0.6550414873181737
45216,VWJMLZ8,4,Home,-0.2917095806071533,0.6521031897095725
45217,L4WDNZ1,0,Home,0.0119591709999594,0.6227044937272745
45218,L4WDNZ1,1,Home,-0.2163157911188569,0.6542389463266285
45219,L4WDNZ1,2,Home,0.2286809123402204,0.6021993106061755
45265,VZIK43C,1,,-0.1040581147499889,-0.002079842290909
45267,VZIK43C,3,Home,-0.0223684615384776,0.0217968863636322
45483,OFH6BD0,4,,0.1141663615769753,0.4464353560045409
45484,OFH6BD0,5,,-0.2586389104230884,0.6310137692772729
45485,OFH6BD0,6,Home,-0.6634561740768716,0.1182837458795343
45486,OFH6BD0,7,,0.1520503388076516,0.3865053390272735
45515,X1DF55Z,1,,-1.5809400000000045,-0.0342230909090964
45516,X1DF55Z,2,Other,0.414697077903847,-0.0060776519522773
45517,X1DF55Z,3,,-0.711711614512732,0.1115626177988433
45585,22SPVFA,0,,-0.6073354969862212,0.7550357359282575
45890,XN02EHS,1,,0.0673583195768871,-0.0079074197659068
45907,QG6KMBN,1,,-0.0816634919807911,-0.0066162478340943
45908,QG6KMBN,2,Home,-0.0211482712013315,0.0221169015031109
45918,A27HKC9,2,,0.7768300490961709,0.0810300476159208
45919,A27HKC9,3,,0.7035120145384145,0.1095641542068169
45920,A27HKC9,4,Home,-0.1206810523032039,-0.0580131539662079
45931,WWJLJYZ,1,,0.1475173979615183,0.5380076481545449
45932,WWJLJYZ,2,,0.0456633915192268,0.4800871732568131
45933,WWJLJYZ,3,Work,0.095381483903842,0.5124611312681823
45934,WWJLJYZ,4,Home,0.0425013461538519,0.5799323636363626
45935,WWJLJYZ,5,Work,-0.3213480143076805,0.3624342083931756
45936,WWJLJYZ,6,Home,0.2706494115384538,0.5603088445295444
45937,WWJLJYZ,7,Work,0.6284244230769152,0.5277071363636338
45995,1MM34KG,2,,0.7182819333461411,0.4304129670977397
45996,1MM34KG,3,Home,0.5486408239231026,0.0644728404386253
45997,1MM34KG,4,Work,0.7592497550723442,0.5195583748760407
45998,1MM34KG,5,Home,-0.1662109444056446,0.0850528436666507
45999,1MM34KG,6,Home,-0.4600683116647802,0.10610647794185
46332,7AVU33C,2,,-0.3695395528268939,0.771043606102273
46333,7AVU33C,3,,-0.7505054073005235,0.1228016788406294
46453,HJFTTGW,2,,-0.1473827468653648,0.7571992869068248
46454,HJFTTGW,3,Work,0.4441894309230792,0.9892040668363627
46455,HJFTTGW,4,Home,0.6059437864038888,0.52796993810909
46456,HJFTTGW,5,Work,-0.5158663267884737,0.7419392096363682
46457,HJFTTGW,6,Home,0.0685841731346265,0.6522956598886317
46458,HJFTTGW,7,Work,-0.3446965368845684,0.726607327434085
46459,HJFTTGW,8,Work,-0.1577841336221856,0.6994286254048506
46460,HJFTTGW,9,Work,-0.5829958928761159,0.940950719163139
46461,HJFTTGW,10,Home,-0.2572093607851065,0.4473306956616784
46646,6IP4MC6,4,,-0.5018010551346384,0.698681806963645
46647,6IP4MC6,5,,0.444363396346206,0.3145400136704346
46648,6IP4MC6,6,,0.1387196153846041,0.3238270000000025
46649,6IP4MC6,7,Other,0.2425833734423486,0.5158550778863449
46650,6IP4MC6,8,,-0.7378905013921404,0.2202580808238522
46697,LLG1NYP,2,,-0.1151471179807919,-0.0011995274954495
46710,NX4LU4L,2,,1.0273111140384117,0.4175648803772627
46711,NX4LU4L,3,,-0.6875775948461126,0.7953022506886475
46725,HJZIPX9,0,Other,0.0773471874404067,0.8282561911777859
46821,B0BZ2RL,1,,0.0889381618461268,0.0015699867340886
46822,B0BZ2RL,2,Home,-0.0222472063726379,0.0221081925655721
46906,49SQWNT,2,,0.2792166612884886,0.5711546101772763
47534,85V7M8I,1,,0.6118120936538693,0.5455237389499952
47601,3W4JVGN,1,Home,0.0535147485768528,0.4251263683568098
47602,3W4JVGN,2,Home,-0.6391689317307848,0.1211716212295408
47603,3W4JVGN,3,Home,-2.8808150202500227,-0.0541486652068265
47604,3W4JVGN,4,,0.2915326923076582,0.5193486363636325
47605,3W4JVGN,5,Home,-0.2049499999999916,0.503623181818197
47606,3W4JVGN,6,Home,-1.1885210060270834,0.0249578690961014
47607,3W4JVGN,7,Home,-0.526555928405819,0.1848552078008784
47645,J7QM9B3,2,,0.1341500617691758,0.6089583664272653
47646,J7QM9B3,3,Work,-0.4340094609766151,0.6427185640264488
47661,LPC67NO,1,,0.0117568090961785,0.5451739296954465
47662,LPC67NO,2,,0.0154830152884628,0.4822250107795472
47663,LPC67NO,3,Home,-0.85214851534062,0.1129240007563199
47767,OSH9BZ1,3,,0.0345175698268984,0.5544589063022827
47768,OSH9BZ1,4,,0.4805637439230701,0.3803483759977107
47769,OSH9BZ1,5,,0.331186569038456,0.4790099489159088
48263,D1P4W4M,0,,0.043292307692306,-0.0082202272727372
48264,D1P4W4M,1,Home,-0.0221936647797351,0.0220794102007816
48327,3LN4IGC,1,,-0.6648474598269322,0.7924075923000091
48328,3LN4IGC,2,,-2.197891306977084,-0.6880049468441679
48361,P8E7TAZ,2,,-0.5349802151538701,-0.1126089316022806
48362,P8E7TAZ,3,,0.2657442307692641,0.5471304545454422
48363,P8E7TAZ,4,Home,-0.5949480769231104,-0.1409415909090784
48528,ZZJSJYC,0,,0.4372726613076928,0.4913385449022872
48595,H61ZK4U,0,,-0.3565317606346624,0.7131454901909127
48596,H61ZK4U,1,Home,-0.3835605154893813,0.7493866643031026
48610,35BJMOC,4,,-0.4444383305577256,0.7387291805840854
48611,35BJMOC,5,,-0.0229469397116016,0.6588421836227294
48612,35BJMOC,6,,0.0216080040961614,0.466995234027274
48613,35BJMOC,7,Work,-0.5506423870384896,0.8943783390658938
48614,35BJMOC,8,,-0.0709733906538387,0.5466365931954535
48615,35BJMOC,9,Work,0.2886625663802392,0.5647567638571548
48729,K21OY05,2,,1.2688787995961928,0.3996403335363643
48730,K21OY05,3,Home,0.2512405590385042,0.4842975683909138
48731,K21OY05,4,,-0.5711884566971036,0.8719546834100856
48852,6SLC4VZ,0,Other,-0.8880797728465062,0.065532395721959
48853,6SLC4VZ,1,Work,1.0677814159463823,0.4052390639077354
48854,6SLC4VZ,2,Work,-0.0537167170923374,0.1359429098418672
48868,GQLZTMT,1,,-0.1025985240769116,-0.0020540726659135
48883,ZDP0JV6,3,,-1.587043256942302,0.0528737604613676
48884,ZDP0JV6,4,Work,-0.44493557326921,0.655000728638623
48885,ZDP0JV6,5,Home,0.1486188486154162,0.6026413614568229
48992,JHLR9GG,4,,0.2953037185961581,0.5635351152590828
48993,JHLR9GG,5,,0.7319228831730705,0.5366404906500055
48994,JHLR9GG,6,Work,-0.7717614577500138,0.7861858951772736
48995,JHLR9GG,7,Home,-0.0175865384615457,0.5617213636363642
48996,JHLR9GG,8,Work,-0.2603466154827746,0.4477856044064853
49117,BDD9FSV,1,,0.5401004741923056,0.4916139166681781
49180,LP3E9PN,2,,-0.0206044657115986,0.8182022149613593
49181,LP3E9PN,3,,0.6627122999614722,0.397435761934083
49319,IAYS9XI,1,,0.1250117320191681,0.0030581649454413
49448,PO53F9X,1,,0.8445312644808058,0.4209875392022758
49473,IZNQ8HQ,1,,-0.2757971108076949,0.7480286167931806
49474,IZNQ8HQ,2,,-0.1570721000769667,0.5358993189886194
49475,IZNQ8HQ,3,,-1.0814951931154173,0.1011683063090957
49476,IZNQ8HQ,4,Other,-0.9367503305724476,0.1270414116707683
49521,5FEMFCB,1,,-0.916533195192281,0.1453620579363609
49547,49XZP3F,0,Home,0.2696388973761236,0.5856046663089224
49795,06SG2EQ,1,,-0.5274278448076671,0.8545035566886333
49848,KBNUNOL,1,,1.890865384615382,0.6961818181818045
49849,KBNUNOL,2,,1.3294230769230428,0.684287878788649
49850,KBNUNOL,3,,1.9871474358975008,0.661613636363615
49968,M0T1J02,0,Home,-0.21781462384619,0.099661982575002
50211,7V2W4VT,1,,-0.4268862425962052,0.9598151145227408
50357,JWUU5RM,0,Other,0.4825086855435456,0.5179321525515133
50431,ERER3MP,2,,1.1205701989615184,0.4087001308545386
50432,ERER3MP,3,Home,0.1014524204999452,0.3496748433749906
50433,ERER3MP,4,Home,-0.0865622636511565,0.4455937885858148
50678,TMYYN52,0,,-1.2008446921442102,-0.1102891286665787
50690,XT7RZ82,2,Home,-1.0103193919613205,0.0365349344649441
50691,XT7RZ82,3,Home,-1.3425615384615237,0.0547670454545373
50692,XT7RZ82,4,Home,0.2944269230768921,0.2897604545454528
50693,XT7RZ82,5,Other,-0.7079827889173601,0.2200950147076059
50694,XT7RZ82,6,Other,-0.5261254883128142,0.186912558681098
50767,1P5RQ9H,6,,0.9815230094038626,0.5273124995272768
50768,1P5RQ9H,7,,-0.2345712403461547,0.529586083456821
50769,1P5RQ9H,8,,-0.1801031489231314,0.8560192684454498
50828,ZR3Z3IZ,1,,0.1164090882308007,0.0046996344613571
50829,ZR3Z3IZ,2,Home,-0.1275571674422921,-0.0010065105477317
51011,L1A2902,0,,-0.1143433363845703,-0.0045110392931878
51012,L1A2902,1,Home,-0.191774902230778,0.1320468527659109
51013,L1A2902,2,Home,-0.02183213456959,0.022390565404235
51088,SLI9HB9,2,,-1.6477762021923508,0.0223615221659076
51089,SLI9HB9,3,Home,-0.0700154325961391,0.506645958020454
51090,SLI9HB9,4,,-0.246457443019417,0.4681556397981163
51091,SLI9HB9,5,Other,-0.6734434580863178,0.2237365706400249
51092,SLI9HB9,6,Home,-0.4267677676150634,0.7015547714672111
51542,HQ3TDEA,2,Home,-0.1258618868269169,0.8403500202181757
51543,HQ3TDEA,3,,-0.2630912451053585,0.4242790816515606
51559,QE97GPW,0,,-0.5769964569615591,0.9448097933636666
51568,Z81ASO5,1,,1.7878817633846469,0.7718534123704732
51594,UI5IKWK,1,,0.0664509983654249,-0.0098373327545496
51595,UI5IKWK,2,,-0.0174120295573297,0.0223951613048809
51692,IL9MJSW,5,,-0.2797555545385125,0.7405918808522642
51707,CCCSVEG,2,Home,1.780442230788459,0.3821065351363586
51708,CCCSVEG,3,Home,0.2362980663032533,0.5809374702247697
51730,BRP0U1C,1,,1.7182018409231226,0.3786885064772689
52227,DWZ87C1,1,,-0.1205461538461495,-0.0016377272727297
52308,P475P1D,1,Home,-0.003290961538496,0.4323718409090841
52309,P475P1D,2,Work,-0.2465448076923147,0.8468631363636426
52310,P475P1D,3,Work,-0.035281730769217,0.8746428409090915
52313,AYPZ7WX,1,,-0.0878466760192779,-0.0045490295249967
52341,1LQNQ55,0,Other,0.3046897382874752,0.2926479186455161
52342,1LQNQ55,1,Home,-0.0667503929831722,0.5816560493552876
52416,BXIO9BM,1,,-0.0668706061346054,-0.0085842584477353
52643,1LMDP94,0,,1.7633195331980616,0.3778047026332442
52648,WCRWRAN,1,,0.5890287785192664,0.4786721556022812
52649,WCRWRAN,2,,0.2028204700191928,0.6160987444727213
52650,WCRWRAN,3,,-0.7787826923077378,0.7848831818181886
52766,1WQV4JF,2,,-0.2522841866154089,0.657313499406814
52767,1WQV4JF,3,Work,-0.7392431802172961,0.710769939194869
52806,4XT1EKV,2,,0.0547002369231113,0.4266495388500104
52807,4XT1EKV,3,,-0.4301620668654171,0.1333835090931734
52808,4XT1EKV,4,Work,0.053380445044045,0.0010446431961887
52809,4XT1EKV,5,Work,-0.570200702336953,0.0528379468755414
52810,4XT1EKV,6,Other,0.5957841297296513,0.5255567119880145
52883,VTHMCR3,3,,-0.1209693291538681,0.6417629851000133
52884,VTHMCR3,4,,-0.11303913923081,0.5614945028318303
52885,VTHMCR3,5,,-0.0800006352095383,0.48878023117005
52917,NT74OKD,2,,-0.0909632545385015,0.6187510247681839
52928,EQZGWXD,1,Home,-1.772132373442294,0.0214198525477308
52942,41P20B1,1,,-0.1150309282307313,-0.0036253161750175
52943,41P20B1,2,,0.4201802410769231,0.3575922695022612
52956,TUXMG0D,1,,3.613810863365389,0.7773022209250005
52957,TUXMG0D,2,,0.3104536603640618,0.9141585069508954
52987,P0RY7TO,1,,-0.4592190722691878,0.851115550238634
52988,P0RY7TO,2,,0.6977558503269474,0.514221130625006
53032,C3W1XE0,1,,0.0708243907692714,-0.0077219713181975
53061,G1ZSTIU,2,,-0.7143023076923045,0.2330304090909035
53062,G1ZSTIU,3,,0.5056074919807697,-0.0027471564318239
53063,G1ZSTIU,4,Work,0.2100370056191952,0.5196398503401051
53064,G1ZSTIU,5,Work,-0.3366970927166415,0.0295934053984679
53080,IG8CYKJ,2,,0.0266154419422769,-0.0088499657613574
53092,YJR8RJP,1,,-0.2629845815769556,0.6870857181772781
53093,YJR8RJP,2,Home,-0.5982655245314907,0.7542133076174622
53114,450KED3,1,Work,-0.0996417044423051,-0.0031389225750027
53288,ZZ07CB3,0,,-0.175828437326947,0.8267360187386408
53388,VPN0B8I,2,,-0.0947866133077093,-0.0079310988045478
53389,VPN0B8I,3,,0.0123389324999497,0.0119931140568206
53390,VPN0B8I,4,Home,0.2630439769329395,0.0258018302654151
53394,H27B2RI,0,Work,0.0569152657499986,0.5365589141091054
53395,H27B2RI,1,Work,0.020305173524804,0.5951128430676306
53401,J3D5V9K,2,,0.1037658702307379,0.5135606581795435
53402,J3D5V9K,3,,-0.2138554285192537,0.6850156710272777
53424,I9DNSMJ,2,,-1.8033430385769589,-0.0047222965613678
53728,6CVNFJ2,1,,-0.7379519215961743,0.1574354541159009
53729,6CVNFJ2,2,Other,-0.7611111171923025,0.7954037026931821
53778,ZK8OG2R,1,,0.2406245795384502,0.5862791859999978
54025,CYGR2A5,0,Home,1.6993357402115743,0.7617978372022715
54049,LSSWT4C,0,Home,-0.0517845369231081,0.408130058511365
54050,LSSWT4C,1,Home,-0.0754368954038513,0.6564424159840955
54051,LSSWT4C,2,Home,-0.2199148034999654,0.272238906784092
54148,WGW04WI,1,,0.06274304309617,-0.0043639310363633
54149,WGW04WI,2,Home,0.1500509851089142,-0.0482736499285674
54168,B6Y7ZKT,4,,0.1888412179615215,0.5948791930727313
54169,B6Y7ZKT,5,,0.7429578706345801,0.5326547067159119
54170,B6Y7ZKT,6,,1.008687344153858,0.5064744973022648
54171,B6Y7ZKT,7,Other,0.1988348609948392,0.5496215700781735
54172,B6Y7ZKT,8,Home,19.5550514791979,3.039361529699181
54233,UNUX45P,0,,0.015700005575398,-0.0662521332626527
54282,JFGJ8IG,0,,0.1264188461540537,0.5473757272726615
54356,FBMYILI,3,Home,-0.0889875017692484,0.46808648549999
54357,FBMYILI,4,Home,0.1136143696730976,0.5110040637795548
54358,FBMYILI,5,Work,-0.2996535454929887,0.8490212132985109
54359,FBMYILI,6,Work,-0.3204972543400437,0.6926705254749815
54478,NZTQ6N7,1,Other,-0.6879043130312001,0.7954547561027789
54479,NZTQ6N7,2,,-0.3983406025709889,0.1232124059037696
54504,KUH6XNI,1,,-0.1293445372115425,0.0022989353636436
54613,5J03NWX,2,,0.1833897265769193,0.5339537631863706
54614,5J03NWX,3,,-0.09341578773076,0.6196814630772577
54615,5J03NWX,4,,0.0916512976538384,0.6275686941022713
54616,5J03NWX,5,,0.0613238554038143,0.5894541747636303
54645,23AHYU3,0,Home,0.6600051944796744,0.5421163046901866
54646,23AHYU3,1,Home,-0.2520928503996829,0.5347539457408015
54648,WY7R7SU,0,,-0.1242527065192798,0.001246911215912
54784,LYUH1JP,1,,0.0997879722499487,0.6091052512772775
54823,2WGF9T2,7,,-0.607933413230737,0.7909813184840924
54824,2WGF9T2,8,,-1.3665784626922997,0.0918833905590821
54825,2WGF9T2,9,Home,-0.549045959788471,0.7691447240386435
54826,2WGF9T2,10,Home,-1.100671176402497,-0.1395229209553319
54827,2WGF9T2,11,Home,-0.8287473076921105,0.7976123409090466
54881,KOJFVUY,1,,-0.0433469194615667,0.4704510325727177
54987,BQYD60X,3,,-0.7414990515384248,0.8003225938227141
54988,BQYD60X,4,,-1.6283944789423588,-0.0919590948340926
55065,6UKK89C,4,,0.0436962143268718,0.603635020847729
55066,6UKK89C,5,,-0.2888037577884794,0.7274866087477191
55067,6UKK89C,6,,0.1426660895000374,0.5180805628727335
55068,6UKK89C,7,,0.0945708975000312,0.6338918637954583
55069,6UKK89C,8,Work,-0.1892550843536871,0.8238818458356897
55070,6UKK89C,9,Work,-0.2696106517712942,0.62245608459821
55071,6UKK89C,10,,-0.643836538461584,0.944620227272745
55141,Y558GCB,0,Home,-0.4490404930961004,0.0744453320954432
55216,8AMMJN6,0,Home,-0.5534799774138783,0.1441903387195325
55217,8AMMJN6,1,,-0.6335043665960859,0.0996379222382165
55243,E9AZV5V,1,,-0.2777978846153858,0.7238818409090835
55244,E9AZV5V,2,Home,-0.2874804276867068,0.6985318913110177
55299,T3VMBL4,0,Home,-0.1163886590577124,-0.0071855437136392
55327,5MQBPLB,2,,0.289601059057725,0.5435633259750098
55328,5MQBPLB,3,,1.4380579848461998,0.729616842165907
55329,5MQBPLB,4,,0.6514411094867115,0.4243932366370976
55348,5COK58C,0,,0.2981343699251496,0.553088977932929
55349,5COK58C,1,Work,0.6817553820438438,0.0374830622564625
55598,AECD3LL,3,,-0.7434394963269336,0.0405320441545309
55599,AECD3LL,4,,0.3140082638845813,0.490656722600009
55600,AECD3LL,5,,0.0162334595769173,0.4481429683090926
55745,EVPT281,0,,0.0677935337884282,-0.0107370740772888
55862,WAF66QI,1,,0.1699077290768462,0.0492460222249784
55893,4DW34Q2,2,,0.2874872469614927,0.5425713987886249
55930,CBOHO3G,0,,0.2125110130215562,0.515943460131738
55931,CBOHO3G,1,Other,0.0770635560217474,0.4577935967933194
55934,6V56X2X,0,Home,0.0031136603461699,0.4833804992113524
55935,6V56X2X,1,Other,-0.0648800638539931,0.4342377517069958
55936,6V56X2X,2,Home,-0.0336127797663833,0.523673385702481
55955,K4TH4B4,1,,-0.3121195406346458,0.6410793086818116
55956,K4TH4B4,2,,-1.313105406846219,0.1181957195954462
55957,K4TH4B4,3,Home,-0.2319669880789176,0.4230768694062179
55958,K4TH4B4,4,,0.0170289566053037,0.4482877566055964
56282,X8BK4DW,2,,0.9986286356154198,0.4794342380386294
56365,VGGRM33,0,Work,-0.7367189782115212,0.7988256681068224
56366,VGGRM33,1,Other,-0.1507229189423427,0.5399594675204574
56367,VGGRM33,2,Work,-1.1226586538461725,0.8344584545454556
56368,VGGRM33,3,Work,-1.003121153846008,0.8125256363635693
56448,3CZC2K0,2,,-0.6550660018077205,0.1413325565772739
56449,3CZC2K0,3,,-0.4078168144807178,0.1666649539363562
56450,3CZC2K0,4,Work,-0.6566668720192249,0.2091185315090863
56451,3CZC2K0,5,Work,-0.2217748061922764,0.2721609579477287
56452,3CZC2K0,6,Work,0.132248076923248,0.2857252272727398
56453,3CZC2K0,7,,0.2057115384615477,0.5494265909091046
56454,3CZC2K0,8,,-1.208451418379365,-0.1161578178412696
56642,YI85QU8,0,,0.6041191198782543,0.5275137180955974
56643,YI85QU8,1,,0.2361732692307482,0.5888670681817906
56644,YI85QU8,2,,-0.0567891888555015,0.5195689851587295
56711,W4TMTEZ,4,,0.4782246177307734,0.5201160018408946
56712,W4TMTEZ,5,,0.73583910457692,0.5332932808931734
56713,W4TMTEZ,6,Home,0.0043455769232609,0.5550882272726808
56714,W4TMTEZ,7,Other,-0.2578592632085394,0.4060185809027208
56911,V9XTOHT,2,,0.2661405122884532,-0.1269957856704651
56912,V9XTOHT,3,,0.3056743677494053,0.0604245868576863
57136,BI1HK47,2,,-0.2000998004038521,0.174243726520455
57137,BI1HK47,3,Other,1.9178000790323035,0.693245623596914
57138,BI1HK47,4,,0.0729922668831084,-0.0086478848349003
57144,C7FBF4C,1,Home,-1.5313584736346688,-0.1532108712204668
57145,C7FBF4C,2,Home,-1.3289040682307458,0.0406175470931753
57146,C7FBF4C,3,,-0.2009449005824754,0.8561465929855006
57181,SLBJXD0,1,,0.0660785054038212,-0.0077993007227338
57260,MUEF2H7,1,,0.7728695571538384,0.4054387057249951
57261,MUEF2H7,2,Home,-0.9451700199423622,0.1107098704227291
57262,MUEF2H7,3,Home,-0.050820873461601,0.5457414779363515
57263,MUEF2H7,4,Home,-0.1051157714773162,0.5196459462696682
57264,MUEF2H7,5,,0.8689092942987234,0.4278122911399044
57448,DV97DJH,0,,-0.0505245560961529,-0.0055885103545382
57519,BUIAFFT,5,,0.2921545378461391,0.5525699801363514
57520,BUIAFFT,6,,-0.4454734693269565,0.9666182950522754
57521,BUIAFFT,7,Home,-0.0954115384615222,0.619887500000005
57522,BUIAFFT,8,,-0.4133052027133584,0.1462367319248069
57523,BUIAFFT,9,,-0.2528254691518083,0.6492857946590939
57787,2EBAIOX,2,,-0.0177797351154342,0.5425849998477321
57788,2EBAIOX,3,,0.652743183519169,0.4136480178909018
57789,2EBAIOX,4,Home,0.2063762134422436,0.3862489099068146
57851,QVVEOU0,1,,-0.1056384207500315,-0.0075159507363668
57877,KZK4XF8,3,,0.1427530125576438,0.5180687687204444
57878,KZK4XF8,4,,0.632762482576911,0.4298311057568285
57920,BBJ3LU6,2,,-0.222796356057693,0.4405583244204523
57921,BBJ3LU6,3,Home,-0.1298223381697939,0.5537851268188437
57965,3M4M588,2,,0.0871282754423025,0.0010233944363623
57988,DQLO3DF,0,Other,-0.0476534794586591,0.5454366963805926
57989,DQLO3DF,1,Home,0.453948183153862,0.4186200067227335
57990,DQLO3DF,2,Home,0.1128846153846469,0.4510095454545578
58098,21H2W2V,0,,-0.0342404167885329,-0.0173374159590946
58099,21H2W2V,1,Work,-0.2588554041730583,0.5383442979272661
58143,ZVH5WD9,1,,-0.5909208434615948,0.7914826285000076
58144,ZVH5WD9,2,Home,-0.3755596134034289,0.0226900532255735
58154,VE6IAW5,2,Other,1.4546678359423002,0.7778683781045302
58155,VE6IAW5,3,Other,0.0300591031968241,0.8262654619758414
58156,VE6IAW5,4,Home,-0.0254370228119319,0.4835432261439196
58157,VE6IAW5,5,Home,0.6905729691936456,0.4735256671786227
58185,H09S2XV,0,Other,0.483565063057693,0.4858331603431919
58186,H09S2XV,1,Other,0.2940095387709713,0.5428546741604794
58253,6X999X8,0,,0.0407944510613701,0.5798645866188289
58254,6X999X8,1,,2.123719221939964,0.736669421196
58255,6X999X8,2,Home,-1.243284788946352,0.0755186148664971
58376,HDMZ55D,2,,-0.1245274791346072,0.587982276020459
58377,HDMZ55D,3,,-0.6167215803845951,0.7551817861840902
58378,HDMZ55D,4,,-0.3545875737449604,0.7301559811038777
58409,W98OFZI,1,,-0.7593550708461554,0.0567688706068061
58492,T37YKQQ,2,,-0.3306886308846354,0.0299408733840844
58545,R3YS9DG,0,Home,-0.5554378889936142,0.7447114762934771
58546,R3YS9DG,1,Home,-0.3733529908505091,0.7282336296605804
58638,X0JL51H,1,,0.0786283477692065,0.0009566613863592
58639,X0JL51H,2,Other,0.4796830615754407,0.5546219523105894
58640,X0JL51H,3,Work,-0.7691136378771851,0.1296652464421371
58653,DW8D2N6,2,,0.0991286997885052,0.5106278217727442
58654,DW8D2N6,3,,0.2888720959038852,0.917467365836368
58665,J4VD9AT,2,,0.1996362337308042,0.5966079730477278
58666,J4VD9AT,3,Home,-0.184442862923049,-0.0315457203181845
58667,J4VD9AT,4,Other,-0.3856504575134042,0.6237446117130347
58702,FT64I8W,2,,-0.1770990304807827,0.6598235927522889
58703,FT64I8W,3,Work,-0.7775621234423401,0.7857309864318369
59055,NZ4L7J4,1,,0.071163941192332,-0.0080920411704549
59111,WP5L4LW,1,,-0.2718733019807794,0.6576744535499949
59112,WP5L4LW,2,Other,0.0152920523549966,0.5456766513389926
59253,TI2FHS7,3,,-0.2646300994615742,0.753971244518168
59254,TI2FHS7,4,,0.0056807707115452,0.5475172722954591
59255,TI2FHS7,5,,-0.4963227666302309,0.7385545398726416
59312,0HITBVB,2,,0.3327938548846165,-0.1223689751204698
59313,0HITBVB,3,Home,-0.7391337007692248,0.7935634215090955
59314,0HITBVB,4,Home,-0.5266563834992933,0.0325840383480593
59315,0HITBVB,5,,-1.1199313077256712,-0.2026714174585119
