,Unnamed: 0,id,authentication_id,latitude,longitude,vendor_category_en,vendor_category_id,delivery_charge,serving_distance,is_open,OpeningTime,OpeningTime2,prepration_time,commission,is_akeed_delivering,discount_percentage,status,verified,rank,language,vendor_rating,sunday_from_time1,sunday_to_time1,sunday_from_time2,sunday_to_time2,monday_from_time1,monday_to_time1,monday_from_time2,monday_to_time2,tuesday_from_time1,tuesday_to_time1,tuesday_from_time2,tuesday_to_time2,wednesday_from_time1,wednesday_to_time1,wednesday_from_time2,wednesday_to_time2,thursday_from_time1,thursday_to_time1,thursday_from_time2,thursday_to_time2,friday_from_time1,friday_to_time1,friday_from_time2,friday_to_time2,saturday_from_time1,saturday_to_time1,saturday_from_time2,saturday_to_time2,primary_tags,open_close_flags,vendor_tag,vendor_tag_name,one_click_vendor,country_id,city_id,created_at,updated_at,device_type,display_orders
0,0,4,118597,-0.588596154,0.754434091,Restaurants,2,0,6,1,11:00AM-11:30PM,-,15,0,Yes,0,1,1,11,EN,4.4,0:00:00,0:30:00,8:00:00,23:59:00,0:00:00,0:30:00,8:00:00,23:59:00,0:00:00,0:30:00,8:00:00,23:59:00,0:00:00,0:30:00,8:00:00,23:59:00,0:00:00,0:30:00,8:00:00,23:59:00,0:00:00,0:30:00,10:00:00,23:59:00,0:00:00,0:30:00,10:00:00,23:59:00,"{""primary_tags"":""4""}",1,"2,4,5,8,91,22,12,24,16,23","Arabic,Breakfast,Burgers,Desserts,Free Delivery,Grills,Lebanese,Salads,Sandwiches,Shawarma",Y,1,1,1/30/2018 14:42,4/7/2020 15:12,3,1
1,1,13,118608,-0.471653846,0.744470455,Restaurants,2,0.7,5,1,08:30AM-10:30PM,-,14,0,Yes,0,1,1,11,EN,4.7,0:00:00,1:30:00,8:00:00,23:59:00,0:00:00,1:30:00,8:00:00,23:59:00,0:00:00,1:30:00,8:00:00,23:59:00,0:00:00,1:30:00,8:00:00,19:30:00,0:00:00,1:30:00,8:00:00,19:30:00,0:00:00,1:30:00,8:00:00,23:59:00,0:00:00,1:30:00,8:00:00,23:59:00,"{""primary_tags"":""7""}",1,"4,41,51,34,27,15,24,16,28","Breakfast,Cakes,Crepes,Italian,Pasta,Pizzas,Salads,Sandwiches,Soups",Y,1,1,5/3/2018 12:32,4/5/2020 20:46,3,1
2,2,20,118616,-0.407526923,0.643680682,Restaurants,2,0,8,1,08:00AM-10:45PM,-,19,0,Yes,0,1,1,1,EN,4.5,8:00:00,22:45:00,,,8:00:00,22:45:00,,,8:00:00,22:45:00,,,8:00:00,22:45:00,,,8:00:00,22:45:00,,,8:00:00,22:45:00,,,8:00:00,22:45:00,,,"{""primary_tags"":""71""}",1,"4,8,91,10","Breakfast,Desserts,Free Delivery,Indian",Y,1,1,5/4/2018 22:28,4/7/2020 16:35,3,1
3,3,23,118619,-0.585384615,0.753811364,Restaurants,2,0,5,1,10:59AM-10:30PM,-,16,0,Yes,0,1,1,11,EN,4.5,9:00:00,23:30:00,,,9:00:00,23:30:00,,,9:00:00,23:30:00,,,9:00:00,23:30:00,,,9:00:00,23:45:00,,,9:00:00,23:45:00,,,9:00:00,23:45:00,,,"{""primary_tags"":""46""}",1,"5,8,30,24","Burgers,Desserts,Fries,Salads",Y,1,1,5/6/2018 19:20,4/2/2020 0:56,3,1
4,4,28,118624,0.480601923,0.552850455,Restaurants,2,0.7,15,1,11:00AM-11:45PM,-,10,0,Yes,0,1,1,11,EN,4.4,0:01:00,0:30:00,11:00:00,23:59:00,0:01:00,0:30:00,11:00:00,23:59:00,0:01:00,0:30:00,11:00:00,23:59:00,0:01:00,0:30:00,11:00:00,23:59:00,0:01:00,0:30:00,11:00:00,23:59:00,0:01:00,1:30:00,17:45:00,23:59:00,0:01:00,1:30:00,17:45:00,23:59:00,"{""primary_tags"":""32""}",1,5,Burgers,Y,1,1,5/17/2018 22:12,4/5/2020 15:57,3,1
5,5,33,118629,-0.494653846,0.743318182,Restaurants,2,0.7,6,1,11:00AM-10:30PM,-,17,0,Yes,0,1,1,11,EN,4.6,8:00:00,23:59:00,0:00:00,1:00:00,8:00:00,23:59:00,0:00:00,1:00:00,9:00:00,23:59:00,0:00:00,1:00:00,9:00:00,23:59:00,0:00:00,1:00:00,8:00:00,23:59:00,0:00:00,1:00:00,8:00:00,23:59:00,0:00:00,1:00:00,8:30:00,23:59:00,0:00:00,1:00:00,"{""primary_tags"":""51""}",1,"8,42","Desserts,Mexican",Y,1,1,5/24/2018 17:23,4/7/2020 15:04,3,1
6,6,43,118639,-0.115009615,0.545973409,Restaurants,2,0.7,15,1,11:00AM-11:45PM,-,15,0,Yes,0,1,1,11,EN,4.3,0:01:00,0:30:00,11:00:00,23:59:00,0:01:00,0:30:00,11:00:00,23:59:00,0:01:00,0:30:00,11:00:00,23:59:00,0:01:00,0:30:00,11:00:00,23:59:00,0:01:00,0:30:00,11:00:00,23:59:00,0:01:00,1:30:00,17:45:00,23:59:00,0:01:00,1:30:00,17:45:00,23:59:00,"{""primary_tags"":""8""}",1,"1,5,30,16","American,Burgers,Fries,Sandwiches",Y,1,1,6/20/2018 12:28,4/7/2020 16:56,3,1
7,7,44,118640,-0.936555769,0.081932955,Restaurants,2,0.7,15,1,11:00AM-11:45PM,-,14,0,Yes,0,1,1,11,EN,4.3,0:01:00,0:30:00,11:00:00,23:59:00,0:01:00,0:30:00,11:00:00,23:59:00,0:01:00,0:30:00,11:00:00,23:59:00,0:01:00,0:30:00,11:00:00,23:59:00,0:01:00,0:30:00,11:00:00,23:59:00,0:01:00,1:30:00,17:45:00,23:59:00,0:01:00,1:30:00,17:45:00,23:59:00,"{""primary_tags"":""8""}",1,"1,5,30,16","American,Burgers,Fries,Sandwiches",Y,1,1,6/20/2018 13:11,4/7/2020 20:09,3,1
8,8,55,118651,-1.170153846,0.103477273,Restaurants,2,0.7,10,1,09:00AM-11:30PM,-,19,0,Yes,0,1,1,11,EN,4.5,9:00:00,23:00:00,,,9:00:00,23:00:00,,,9:00:00,23:00:00,,,9:00:00,23:00:00,,,9:00:00,23:00:00,,,11:59:00,23:59:00,,,11:59:00,23:59:00,,,"{""primary_tags"":""21""}",1,"4,8,22,32,24,16,28","Breakfast,Desserts,Grills,Milkshakes,Salads,Sandwiches,Soups",Y,1,1,7/22/2018 13:18,4/2/2020 19:49,3,1
9,9,66,118662,0.487488462,0.56505,Restaurants,2,0,15,1,05:00PM-11:00PM,-,20,0,Yes,10,1,1,1,EN,4,10:00:00,21:45:00,,,10:00:00,21:45:00,,,10:00:00,21:45:00,,,10:00:00,21:45:00,,,10:00:00,21:45:00,,,18:00:00,22:45:00,,,18:00:00,22:45:00,,,"{""primary_tags"":""271""}",1,"4,5,8,10,24","Breakfast,Burgers,Desserts,Indian,Salads",Y,1,1,8/9/2018 19:26,4/2/2020 11:41,3,1
10,10,67,118663,-0.181038462,0.490518182,Restaurants,2,0,15,1,08:00AM-11:30PM,-,15,0,Yes,0,1,1,11,EN,4.3,9:00:00,23:00:00,,,9:00:00,23:00:00,,,9:00:00,23:00:00,,,9:00:00,23:00:00,,,9:00:00,23:00:00,,,11:59:00,23:59:00,,,11:59:00,23:59:00,,,"{""primary_tags"":""129""}",1,"4,8,22,32,24,16,28","Breakfast,Desserts,Grills,Milkshakes,Salads,Sandwiches,Soups",Y,1,1,8/9/2018 23:41,4/7/2020 12:25,3,1
11,11,75,118672,-0.600423077,0.755909091,Restaurants,2,0.7,5,1,11:00AM-10:30PM,-,15,0,Yes,0,1,1,11,EN,4.6,11:00:00,22:30:00,,,11:00:00,22:30:00,,,11:00:00,22:30:00,,,11:00:00,22:30:00,,,11:00:00,22:30:00,,,11:59:00,22:30:00,,,11:00:00,22:30:00,,,,1,"3,8,9,11,24,54","Asian,Desserts,Healthy Food,Japanese,Salads,Sushi",Y,1,1,8/22/2018 15:10,4/2/2020 0:52,3,1
12,12,76,118673,0.256334615,0.576669545,Restaurants,2,0.7,15,1,08:30AM-09:30PM,-,15,0,Yes,0,1,1,11,EN,4.6,8:00:00,21:30:00,,,8:00:00,21:30:00,,,8:00:00,21:30:00,,,8:00:00,21:30:00,,,8:00:00,21:30:00,,,8:00:00,11:30:00,16:00:00,21:30:00,8:00:00,21:30:00,,,"{""primary_tags"":""24""}",1,"16,4,5,52","Sandwiches,Breakfast,Burgers,Mojitos",Y,1,1,8/26/2018 14:45,3/24/2020 12:51,3,1
13,13,78,118675,-0.555403846,0.196336364,Restaurants,2,0.7,15,0,11:00AM-11:00PM,-,17,0,Yes,0,0,1,11,EN,4.4,0:01:00,2:00:00,18:00:00,23:59:00,0:01:00,2:00:00,18:00:00,23:59:00,0:01:00,2:00:00,18:00:00,23:59:00,0:01:00,2:00:00,18:00:00,23:59:00,0:01:00,2:00:00,18:00:00,23:59:00,0:01:00,2:00:00,18:00:00,23:59:00,0:01:00,2:00:00,18:00:00,23:59:00,,1,"15,34,4,28,27,24,8","Pizzas,Italian,Breakfast,Soups,Pasta,Salads,Desserts",Y,1,1,8/26/2018 21:47,3/31/2020 22:16,3,1
14,14,79,118676,0.634653846,0.527254545,Restaurants,2,0,15,1,11:59AM-2:15 am,-,15,0,Yes,0,1,1,11,EN,4.7,11:00:00,23:45:00,,,11:00:00,23:45:00,,,11:00:00,23:45:00,,,11:00:00,23:45:00,,,11:00:00,23:45:00,,,17:00:00,23:45:00,,,11:00:00,23:45:00,,,"{""primary_tags"":""323""}",1,"5,8,91,27,16","Burgers,Desserts,Free Delivery,Pasta,Sandwiches",Y,1,1,8/26/2018 22:36,4/7/2020 17:46,3,1
15,15,81,118678,-0.711961538,0.063368182,Restaurants,2,0,15,1,08:00AM-12:30PM,05:00PM-11:30PM,15,0,Yes,0,1,1,11,EN,3.8,0:01:00,0:59:00,8:00:00,23:59:00,0:01:00,0:59:00,8:00:00,23:59:00,0:01:00,0:59:00,8:00:00,23:59:00,0:01:00,0:59:00,8:00:00,23:59:00,0:01:00,0:59:00,8:00:00,23:59:00,0:01:00,0:59:00,8:00:00,23:59:00,0:00:00,0:59:00,8:00:00,23:59:00,,1,"2,4,8,53,13,24,16","Arabic,Breakfast,Desserts,Mandazi,Omani,Salads,Sandwiches",Y,1,1,9/1/2018 20:31,4/4/2020 13:38,3,1
16,16,82,118679,-0.417192308,0.64585,Restaurants,2,0.7,8,1,08:00AM-11:59PM,-,11,0,Yes,0,1,1,11,EN,4.4,0:01:00,1:30:00,10:00:00,23:59:00,0:01:00,1:30:00,10:00:00,23:59:00,0:01:00,1:30:00,10:00:00,23:59:00,0:01:00,1:30:00,10:00:00,23:59:00,0:01:00,1:30:00,10:00:00,23:59:00,0:01:00,1:30:00,10:00:00,23:59:00,0:01:00,1:30:00,10:00:00,23:59:00,"{""primary_tags"":""134""}",1,"4,8,12,50,15,24,16","Breakfast,Desserts,Lebanese,Manakeesh,Pizzas,Salads,Sandwiches",Y,1,1,9/3/2018 19:30,4/7/2020 16:38,3,1
17,17,83,118680,-0.927944231,0.145899545,Restaurants,2,0.7,15,1,11:00AM-11:00PM,-,15,0,Yes,0,1,1,11,EN,4.2,11:00:00,23:45:00,,,11:00:00,23:45:00,,,11:00:00,23:45:00,,,11:00:00,23:45:00,,,11:00:00,23:45:00,,,11:00:00,23:45:00,,,11:00:00,23:45:00,,,,1,"4,8,24,2","Breakfast,Desserts,Salads,Arabic",Y,1,1,9/13/2018 20:40,4/1/2020 22:07,3,1
18,18,84,118681,-1.004923077,0.078736364,Restaurants,2,0,15,1,10:00AM-11:45PM,-,14,0,Yes,0,1,1,11,EN,4.3,11:00:00,23:45:00,,,11:00:00,23:45:00,,,11:00:00,23:45:00,,,11:00:00,23:45:00,,,11:00:00,23:30:00,,,16:00:00,23:00:00,,,11:00:00,23:59:00,0:01:00,0:59:00,"{""primary_tags"":""90""}",1,"5,30,48,23","Burgers,Fries,Kids meal,Shawarma",Y,1,1,9/16/2018 19:37,4/7/2020 21:08,3,1
19,19,85,118682,-0.600173077,0.755861364,Sweets & Bakes,3,0,5,1,11:59AM-11:30PM,-,15,0,Yes,50,1,1,11,EN,4.6,11:59:00,23:45:00,,,11:59:00,23:45:00,,,11:59:00,23:45:00,,,11:59:00,23:45:00,,,11:59:00,23:45:00,,,14:00:00,23:45:00,,,11:59:00,23:45:00,,,,1,"8,13","Desserts,Omani",Y,1,1,9/16/2018 20:01,4/7/2020 10:47,3,1
20,20,86,118683,-0.498134615,0.058017273,Sweets & Bakes,3,0,15,1,08:30AM-11:45PM,-,13,0,Yes,0,1,1,11,EN,4.5,8:30:00,23:45:00,,,8:30:00,23:45:00,,,8:30:00,23:45:00,,,8:30:00,23:45:00,,,8:30:00,23:45:00,,,16:00:00,23:45:00,,,8:30:00,23:45:00,,,"{""primary_tags"":""336""}",1,"41,51,8,57,38,43,32,62,25","Cakes,Crepes,Desserts,Donuts,Fresh Juices,Ice creams,Milkshakes,Pancakes,Waffles",Y,1,1,9/20/2018 19:39,4/7/2020 20:00,3,1
21,21,90,118687,-0.601096154,0.095997727,Restaurants,2,0,15,1,11:59AM-11:45PM,-,14,0,Yes,0,1,1,1,EN,4.4,0:01:00,0:45:00,11:59:00,23:59:00,0:01:00,0:45:00,11:59:00,23:59:00,0:01:00,0:45:00,11:59:00,23:59:00,0:01:00,0:45:00,11:59:00,23:59:00,0:01:00,0:45:00,11:59:00,23:59:00,0:01:00,0:45:00,12:59:00,23:59:00,0:01:00,0:45:00,11:59:00,23:59:00,"{""primary_tags"":""90""}",1,"1,5,8,52,27","American,Burgers,Desserts,Mojitos ,Pasta",Y,1,1,10/4/2018 19:41,4/5/2020 15:46,3,1
22,22,92,118689,-0.492188462,0.744160455,Restaurants,2,0.7,6,1,11:00AM-10:45PM,-,14,0,Yes,0,1,1,11,EN,4.6,13:00:00,22:00:00,,,13:00:00,22:00:00,,,13:00:00,22:00:00,,,13:00:00,22:00:00,,,13:00:00,23:00:00,,,13:00:00,23:00:00,,,13:00:00,22:00:00,,,"{""primary_tags"":""31""}",1,"3,38,48","Asian,Fresh Juices,Kids meal",Y,1,1,10/7/2018 17:26,4/7/2020 15:05,3,1
23,23,104,118701,-0.032442308,0.655636364,Restaurants,2,0,2,1,10:59AM-11:30PM,-,10,0,Yes,0,1,1,11,EN,4.5,0:01:00,0:30:00,11:00:00,23:59:00,0:01:00,0:30:00,11:00:00,23:59:00,0:01:00,0:30:00,11:00:00,23:59:00,0:01:00,0:30:00,11:00:00,23:59:00,0:01:00,0:30:00,11:00:00,23:59:00,0:01:00,0:30:00,13:00:00,23:59:00,0:01:00,0:30:00,11:00:00,23:59:00,"{""primary_tags"":""134""}",1,"1,5,91,29,27","American,Burgers,Free Delivery,Hot Dogs,Pasta",Y,1,1,10/18/2018 21:01,4/3/2020 22:28,3,1
24,24,105,118702,-0.967769231,0.080838636,Restaurants,2,0,15,1,10:59AM-11:30PM,-,12,0,Yes,0,1,1,11,EN,4.5,0:01:00,0:30:00,11:00:00,23:59:00,0:01:00,0:30:00,11:00:00,23:59:00,0:01:00,0:30:00,11:00:00,23:59:00,0:01:00,0:30:00,11:00:00,23:59:00,0:01:00,0:30:00,11:00:00,23:59:00,0:01:00,0:30:00,13:00:00,23:59:00,0:01:00,0:30:00,11:00:00,23:59:00,"{""primary_tags"":""134""}",1,"1,5,91,29,27","American,Burgers,Free Delivery,Hot Dogs,Pasta",Y,1,1,10/19/2018 12:38,4/7/2020 23:41,3,1
25,25,106,118703,0.618615385,0.527193182,Restaurants,2,0,15,1,10:59AM-11:30PM,-,10,0,Yes,0,1,1,11,EN,4.5,0:01:00,0:15:00,11:00:00,23:59:00,0:01:00,0:15:00,11:00:00,23:59:00,0:01:00,0:15:00,11:00:00,23:59:00,0:01:00,0:15:00,11:00:00,23:59:00,0:01:00,0:15:00,11:00:00,23:59:00,0:01:00,0:15:00,13:00:00,23:59:00,0:01:00,0:15:00,11:00:00,23:59:00,"{""primary_tags"":""32""}",1,"1,5,91,29,27","American,Burgers,Free Delivery,Hot Dogs,Pasta",Y,1,1,10/19/2018 13:35,4/6/2020 14:01,3,1
26,26,110,118707,0.016792308,0.547940909,Restaurants,2,0.7,15,1,11:15AM-10:00PM,-,18,0,Yes,35,1,1,11,EN,4.6,0:00:00,1:30:00,8:00:00,23:59:00,0:00:00,1:30:00,8:00:00,23:59:00,0:00:00,1:30:00,8:00:00,23:59:00,0:00:00,1:30:00,8:00:00,23:59:00,0:00:00,1:30:00,8:00:00,23:59:00,0:00:00,1:30:00,8:00:00,23:59:00,0:00:00,1:30:00,8:00:00,23:59:00,"{""primary_tags"":""46""}",1,"3,58,22,11,33,28","Asian,Dimsum,Grills,Japanese,Rice,Soups",Y,1,1,10/21/2018 22:21,4/7/2020 19:29,3,1
27,27,113,118710,0.630134615,0.527052273,Restaurants,2,0,15,1,10:59AM-10:59PM,-,10,0,Yes,0,1,1,11,EN,4.7,11:00:00,23:00:00,,,11:00:00,23:00:00,,,11:00:00,23:00:00,,,11:00:00,23:00:00,,,11:00:00,23:00:00,,,12:59:00,23:00:00,,,11:59:00,23:00:00,,,"{""primary_tags"":""462""}",1,"2,8,91,10","Arabic,Desserts,Free Delivery,Indian",Y,1,1,10/24/2018 18:11,4/7/2020 23:51,3,1
28,28,115,118712,0.578865385,0.528270455,Sweets & Bakes,2,0,15,1,09:59AM-11:45PM,-,13,0,Yes,0,1,1,11,EN,4.8,10:00:00,23:45:00,,,10:00:00,23:45:00,,,10:00:00,23:45:00,,,10:00:00,23:45:00,,,10:00:00,23:45:00,,,15:00:00,23:45:00,,,10:00:00,23:45:00,,,"{""primary_tags"":""138""}",1,"8,91,9,56","Desserts,Free Delivery,Healthy Food,Sweets",Y,1,1,10/28/2018 13:34,4/6/2020 13:44,3,1
29,29,134,118731,-0.056273077,0.632288636,Restaurants,2,0,15,0,8:00AM-09:45PM,-,16,0,Yes,0,0,0,11,EN,4.5,10:00:00,21:45:00,,,10:00:00,21:45:00,,,10:00:00,21:45:00,,,10:00:00,21:45:00,,,10:00:00,21:45:00,,,10:00:00,21:45:00,,,10:00:00,21:45:00,,,"{""primary_tags"":""534""}",1,"5,9,32,16,35","Burgers,Healthy Food,Milkshakes,Sandwiches,Steaks",Y,1,1,11/27/2018 15:33,4/3/2020 23:02,3,1
30,30,145,118742,-0.605892284,0.07295306,Restaurants,2,0,15,0,04:00PM-11:45PM,-,10,0,Yes,0,0,0,11,EN,3.2,0:01:00,0:59:00,11:30:00,23:59:00,0:01:00,0:59:00,11:30:00,23:59:00,0:01:00,0:59:00,11:30:00,23:59:00,0:01:00,0:59:00,11:30:00,23:59:00,0:01:00,0:59:00,11:30:00,23:59:00,0:01:00,0:59:00,16:00:00,23:59:00,0:01:00,0:59:00,11:30:00,23:59:00,,1,"2,15,16","Arabic,Pizzas,Sandwiches",Y,1,1,12/12/2018 15:39,4/5/2020 11:46,3,1
31,31,148,118745,-0.482865385,0.075988636,Restaurants,2,0.7,15,1,08:00AM-11:45PM,-,16,0,Yes,15,1,1,11,EN,4.1,0:00:00,0:30:00,12:30:00,23:59:00,0:01:00,0:30:00,12:30:00,23:59:00,0:01:00,0:30:00,12:30:00,23:59:00,0:01:00,0:30:00,12:30:00,23:59:00,0:01:00,0:30:00,12:30:00,23:59:00,0:00:00,0:30:00,12:30:00,23:59:00,0:01:00,0:30:00,12:30:00,23:59:00,"{""primary_tags"":""134""}",1,"4,5,22,89,16,23","Breakfast,Burgers,Grills,Pizza,Sandwiches,Shawarma",Y,1,1,12/30/2018 20:20,4/7/2020 0:36,3,1
32,32,149,118746,-0.027653846,0.527345909,Restaurants,2,0.7,15,0,11:15AM-10:30PM,-,15,0,Yes,0,0,0,11,EN,4.2,11:15:00,22:30:00,,,11:15:00,22:30:00,,,11:15:00,22:30:00,,,11:15:00,22:30:00,,,11:15:00,22:30:00,,,13:00:00,22:30:00,,,11:15:00,22:30:00,,,,1,2,Arabic,Y,1,1,1/6/2019 20:42,4/5/2020 21:38,3,1
33,33,154,118752,-0.872019231,0.099434091,Restaurants,2,0.7,15,1,11:00AM-11:45PM,-,15,0,Yes,0,1,1,11,EN,4.5,0:01:00,0:15:00,11:00:00,23:59:00,0:01:00,0:15:00,11:00:00,23:59:00,0:01:00,0:15:00,11:00:00,23:59:00,0:01:00,0:15:00,11:00:00,23:59:00,0:01:00,0:15:00,11:00:00,23:59:00,0:01:00,0:15:00,12:59:00,23:59:00,11:00:00,23:59:00,0:01:00,0:59:00,,1,"1,5,47,24,16","American,Burgers,Mishkak,Salads,Sandwiches",Y,1,1,1/17/2019 11:43,4/2/2020 12:02,3,1
34,34,157,118755,0.055884615,0.533995455,Restaurants,2,0.7,15,1,10:59AM-3:30PM,06:30PM-11:00PM,15,0,Yes,0,1,1,11,EN,4.3,11:00:00,15:30:00,18:30:00,23:00:00,11:00:00,15:30:00,18:30:00,23:00:00,11:00:00,15:30:00,18:30:00,23:00:00,11:00:00,15:30:00,18:30:00,23:00:00,11:00:00,15:30:00,18:30:00,23:00:00,12:59:00,15:30:00,18:30:00,23:00:00,11:00:00,15:30:00,18:30:00,23:00:00,"{""primary_tags"":""297""}",1,"31,8,10,33,67,21","Biryani,Desserts,Indian,Rice,Thali,Vegetarian",Y,1,1,1/19/2019 14:01,4/7/2020 20:03,3,1
35,35,159,118757,-0.599865385,0.756244318,Restaurants,2,0,6,1,11.30am-11:30PM,-,13,0,Yes,0,1,1,11,EN,4.5,11:45:00,23:45:00,,,11:45:00,23:45:00,,,11:45:00,23:45:00,,,11:45:00,23:45:00,,,11:45:00,23:45:00,,,13:00:00,23:45:00,,,12:05:00,23:45:00,,,"{""primary_tags"":""35""}",1,"1,5,16","American,Burgers,Sandwiches",Y,1,1,1/23/2019 15:21,4/7/2020 15:05,3,1
36,36,160,118758,-0.933980769,0.081364773,Restaurants,2,0.7,15,1,10:00AM-11:45PM,-,14,0,Yes,0,1,1,11,EN,4.3,10:00:00,23:45:00,,,10:00:00,23:45:00,,,10:00:00,23:45:00,,,10:00:00,23:45:00,,,10:00:00,23:45:00,,,12:59:00,23:45:00,,,11:59:00,23:45:00,,,"{""primary_tags"":""24""}",1,"1,5,48,16","American,Burgers,Kids meal,Sandwiches",Y,1,1,1/28/2019 20:37,4/3/2020 22:36,3,1
37,37,161,118759,-0.884242425,-0.127519087,Restaurants,2,0.7,10,0,11:00AM-11:59PM,12:00AM-01:00AM,17,0,Yes,0,0,0,11,EN,4.2,11:05:00,22:25:00,,,11:05:00,22:25:00,,,11:05:00,22:25:00,,,11:05:00,22:25:00,,,11:05:00,22:25:00,,,11:05:00,22:25:00,,,11:05:00,22:25:00,,,,1,"5,8,63,15","Burgers,Desserts,Pastry,Pizzas",Y,1,1,1/30/2019 18:26,4/5/2020 11:47,3,1
38,38,176,118774,-0.44010949,0.662568049,Restaurants,2,0.7,8,1,09:00AM-09:01AM,-,21,0,Yes,0,1,1,11,EN,4.3,13:00:00,22:00:00,,,13:00:00,22:00:00,,,13:00:00,22:00:00,,,13:00:00,22:00:00,,,13:00:00,22:00:00,,,13:00:00,22:00:00,,,13:00:00,22:00:00,,,"{""primary_tags"":""21""}",1,"4,8,22,32,24,16,28","Breakfast,Desserts,Grills,Milkshakes,Salads,Sandwiches,Soups",Y,1,1,2/23/2019 18:55,4/7/2020 20:45,3,1
39,39,180,118778,-1.058946154,0.051567955,Restaurants,2,0.7,15,0,11:00AM-11:00PM,-,15,0,Yes,0,0,0,11,EN,3.8,11:00:00,23:00:00,,,11:00:00,23:00:00,,,11:00:00,23:00:00,,,11:00:00,23:00:00,,,11:00:00,23:45:00,,,11:00:00,23:45:00,,,11:00:00,23:00:00,,,,1,"2,22,10,27,24,17,28,56","Arabic,Grills,Indian,Pasta,Salads,Seafood,Soups,Sweets",Y,1,1,2/25/2019 15:30,4/5/2020 11:47,3,1
40,40,188,118786,-0.405660412,0.644401369,Restaurants,2,0.7,8,1,11:59AM-10:45PM,-,14,0,Yes,0,1,1,11,EN,4.6,11:59:00,22:45:00,,,11:59:00,22:45:00,,,11:59:00,22:45:00,,,11:59:00,22:45:00,,,11:59:00,23:15:00,,,11:59:00,23:15:00,,,11:59:00,22:45:00,,,"{""primary_tags"":""695""}",1,"34,27,15,24,16","Italian,Pasta,Pizzas,Salads,Sandwiches",Y,1,1,3/3/2019 21:04,4/3/2020 16:56,3,1
41,41,189,118787,-0.85685612,0.087738003,Restaurants,2,0.7,15,1,7:58AM-11:45PM,-,10,0,Yes,0,1,1,11,EN,4.3,0:01:00,1:15:00,8:00:00,23:59:00,0:01:00,1:15:00,8:00:00,23:59:00,0:01:00,1:15:00,8:00:00,23:59:00,0:01:00,1:15:00,8:00:00,23:59:00,0:01:00,1:15:00,8:00:00,23:59:00,0:01:00,1:15:00,16:00:00,23:59:00,0:01:00,1:15:00,8:00:00,23:59:00,"{""primary_tags"":""701""}",1,"16,23,38,52,32","Sandwiches,Shawarma,Fresh Juices,Mojitos,Milkshakes",Y,1,1,3/4/2019 12:31,4/7/2020 13:13,3,1
42,42,191,118789,-0.060047737,0.652629852,Restaurants,2,0.7,8,1,09:00 AM-11:45 PM,-,11,0,Yes,0,1,1,11,EN,4.5,0:01:00,0:45:00,8:00:00,23:59:00,0:01:00,0:45:00,8:00:00,23:59:00,0:01:00,0:45:00,8:00:00,23:59:00,0:01:00,0:45:00,8:00:00,23:59:00,0:01:00,0:45:00,8:00:00,23:59:00,0:01:00,0:45:00,16:00:00,23:59:00,0:01:00,0:45:00,8:00:00,23:59:00,"{""primary_tags"":""701""}",1,"38,32,52,16,23","Fresh Juices,Milkshakes,Mojitos ,Sandwiches,Shawarma",Y,1,1,3/5/2019 20:06,4/6/2020 15:38,3,1
43,43,192,118790,1.703119232,0.759958044,Restaurants,2,0.7,10,1,09:00 AM-11:45 PM,-,11,0,Yes,0,1,1,11,EN,4.3,0:01:00,0:45:00,9:15:00,23:59:00,0:01:00,0:45:00,9:15:00,23:59:00,0:01:00,0:45:00,9:15:00,23:59:00,0:01:00,0:45:00,9:15:00,23:59:00,0:01:00,0:45:00,9:15:00,23:59:00,0:01:00,0:45:00,16:00:00,23:59:00,0:01:00,0:45:00,9:15:00,23:59:00,"{""primary_tags"":""701""}",1,"38,32,52,16,23","Fresh Juices,Milkshakes,Mojitos ,Sandwiches,Shawarma",Y,1,1,3/7/2019 15:06,4/2/2020 19:35,3,1
44,44,193,118791,-0.825903846,-0.066427273,Restaurants,2,0.7,10,0,11:00AM-11:01PM,-,18,0,Yes,0,0,0,11,EN,4.3,13:30:00,23:45:00,,,13:30:00,23:45:00,,,13:30:00,23:45:00,,,13:30:00,23:45:00,,,13:30:00,23:45:00,,,16:00:00,23:45:00,,,13:30:00,23:45:00,,,,1,"2,5,16,23,22,15,8","Arabic,Burgers,Sandwiches,Shawarma,Grills,Pizzas,Desserts",Y,1,1,3/9/2019 19:22,4/2/2020 12:35,3,1
45,45,195,118793,-0.704467308,0.056954773,Restaurants,2,0.7,15,1,05:30PM-11:59PM,00:01AM-02:30AM,15,0,Yes,0,1,1,11,EN,4.2,0:01:00,0:59:00,18:00:00,23:59:00,0:01:00,0:59:00,18:00:00,23:59:00,0:01:00,0:59:00,18:00:00,23:59:00,0:01:00,0:59:00,18:00:00,23:59:00,0:01:00,0:59:00,18:00:00,23:59:00,0:01:00,0:59:00,18:00:00,23:59:00,0:01:00,0:59:00,18:00:00,23:59:00,,1,"5,30,22,47,52,16,56","Burgers,Fries,Grills,Mishkak,Mojitos ,Sandwiches,Sweets",Y,1,1,3/10/2019 13:05,4/3/2020 14:43,3,1
46,46,196,118794,-1.787413462,0.006934091,Sweets & Bakes,3,0.7,10,0,06:00PM-11:59PM,00:01AM-02:30AM,17,0,Yes,0,0,1,11,EN,4.4,0:01:00,0:59:00,15:00:00,23:59:00,0:01:00,0:59:00,15:00:00,23:59:00,0:01:00,0:59:00,15:00:00,23:59:00,0:01:00,0:59:00,15:00:00,23:59:00,0:01:00,0:59:00,15:00:00,23:59:00,0:01:00,0:59:00,15:00:00,23:59:00,0:01:00,0:59:00,15:00:00,23:59:00,,1,,,Y,1,1,3/10/2019 13:08,4/2/2020 12:35,3,1
47,47,197,118795,-0.6313,0.1805675,Restaurants,2,0,15,1,11:59AM-10:45PM ,-,17,0,Yes,0,1,1,1,EN,4.4,11:30:00,23:30:00,,,11:30:00,23:30:00,,,11:30:00,23:30:00,,,11:30:00,23:30:00,,,11:30:00,23:30:00,,,11:30:00,23:30:00,,,11:30:00,23:30:00,,,"{""primary_tags"":""270""}",1,"91,42,24","Free Delivery,Mexican,Salads",Y,1,1,3/10/2019 13:54,4/7/2020 22:14,3,1
48,48,199,118798,2.337753846,0.699575,Sweets & Bakes,3,0,15,1,08:30AM-11:45PM,-,15,0,Yes,0,1,1,11,EN,4.5,8:30:00,23:45:00,,,8:30:00,23:45:00,,,8:30:00,23:45:00,,,8:30:00,23:45:00,,,8:30:00,23:45:00,,,16:00:00,23:45:00,,,8:30:00,23:45:00,,,,1,"41,51,8,57,38,43,32,52,62,25","Cakes,Crepes,Desserts,Donuts,Fresh Juices,Ice creams,Milkshakes,Mojitos ,Pancakes,Waffles",Y,1,1,3/11/2019 13:58,4/3/2020 15:40,3,1
49,49,201,118800,0.015623077,0.531628182,Restaurants,2,0.7,15,1,11:00AM-3:50pm,6:10pm-12:00am,12,0,Yes,0,1,1,11,EN,4,11:00:00,15:45:00,18:30:00,23:45:00,11:00:00,15:45:00,18:30:00,23:45:00,11:00:00,15:45:00,18:30:00,23:45:00,11:00:00,15:45:00,18:30:00,23:45:00,11:00:00,15:45:00,18:30:00,23:45:00,13:00:00,15:45:00,18:30:00,23:45:00,11:00:00,15:45:00,18:30:00,23:45:00,,1,"31,8,10,28","Biryani,Desserts,Indian,Soups",Y,1,1,3/14/2019 15:43,4/2/2020 18:27,3,1
50,50,203,118802,0.026205769,0.5525875,Restaurants,2,0.7,15,0,11:00AM-11:01PM,-,16,0,Yes,0,0,0,11,EN,4,10:00:00,22:30:00,,,10:00:00,22:30:00,,,10:00:00,22:30:00,,,10:00:00,22:30:00,,,10:00:00,22:30:00,,,10:30:00,23:30:00,,,10:30:00,23:15:00,,,"{""primary_tags"":""52""}",1,"1,16,29,30","American,Sandwiches,Hot Dogs,Fries",Y,1,1,3/16/2019 19:11,4/5/2020 17:48,3,1
51,51,207,118806,-0.936961538,0.080825909,Restaurants,2,0.7,15,1,11:00AM-04:00PM,06:00PM-11:45PM,15,0,Yes,0,1,1,11,EN,4.1,0:01:00,0:30:00,11:00:00,23:59:00,0:01:00,0:30:00,11:00:00,23:59:00,0:01:00,0:30:00,11:00:00,23:59:00,0:01:00,0:30:00,11:00:00,23:59:00,0:01:00,0:30:00,11:00:00,23:59:00,0:01:00,0:30:00,12:30:00,23:59:00,0:01:00,0:30:00,11:00:00,23:59:00,,1,"2,31,7,22,10,33,24,28,19","Arabic,Biryani,Chinese,Grills,Indian,Rice,Salads,Soups,Thai",Y,1,1,3/26/2019 23:11,4/6/2020 14:56,3,1
52,52,216,118815,-0.587598077,0.754193636,Restaurants,2,0.7,6,1,09:00AM-08:00pm ,-,15,0,Yes,0,1,1,11,EN,4.7,8:00:00,23:00:00,,,8:00:00,23:00:00,,,8:00:00,23:00:00,,,8:00:00,23:00:00,,,8:00:00,23:00:00,,,8:00:00,23:59:00,,,8:00:00,23:00:00,,,"{""primary_tags"":""815""}",1,"60,73","Coffee,Organic",Y,1,1,4/9/2019 12:50,4/7/2020 15:06,3,1
53,53,221,118820,0.025821154,0.551593864,Sweets & Bakes,3,0.7,15,0,09:00AM-11:00PM,-,10,0,Yes,0,0,0,11,EN,4.2,9:00:00,23:00:00,,,9:00:00,23:00:00,,,9:00:00,23:00:00,,,9:00:00,23:00:00,,,9:00:00,23:00:00,,,9:00:00,23:00:00,,,9:00:00,23:00:00,,,"{""primary_tags"":""849""}",1,"38,9,36","Fresh Juices,Healthy Food,Smoothies",Y,1,1,4/13/2019 19:09,4/3/2020 21:45,3,1
54,54,225,118824,-0.815323319,0.091491291,Restaurants,2,0,15,1,06:15AM-11:45PM,-,10,0,Yes,0,1,1,11,EN,4.2,8:00:00,19:00:00,,,8:00:00,19:00:00,,,8:00:00,19:00:00,,,8:00:00,19:00:00,,,8:00:00,19:00:00,,,8:00:00,11:00:00,16:00:00,19:00:00,8:00:00,19:00:00,,,"{""primary_tags"":""346""}",1,"4,91,38,30,79,52,45","Breakfast,Free Delivery,Fresh Juices,Fries,Karak,Mojitos ,Rolls",Y,1,1,4/18/2019 17:44,4/7/2020 14:14,3,1
56,56,237,118838,-0.943419231,0.081702273,Restaurants,2,0.7,15,0,08:30PM-11:59PM,00:01AM-02:30AM,15,0,Yes,0,0,0,11,EN,4.6,0:01:00,0:59:00,14:00:00,23:45:00,0:01:00,0:59:00,14:00:00,23:45:00,0:01:00,0:59:00,14:00:00,23:45:00,0:01:00,0:59:00,14:00:00,23:45:00,0:01:00,0:59:00,14:00:00,23:45:00,0:01:00,0:59:00,14:00:00,23:45:00,0:01:00,0:59:00,14:00:00,23:45:00,,1,"1,5,8,57,30,27,24,16","American,Burgers,Desserts,Donuts,Fries,Pasta,Salads,Sandwiches",Y,1,1,4/30/2019 16:15,4/7/2020 18:45,3,1
57,57,243,118844,2.215692308,0.714018182,Restaurants,2,0.7,15,0,01.00PM-02:.00AM,01.00PM-02.00AM,11,0,Yes,0,0,1,11,EN,4.4,14:00:00,23:45:00,,,14:00:00,23:45:00,,,14:00:00,23:45:00,,,14:00:00,23:45:00,,,14:00:00,23:45:00,,,14:00:00,23:45:00,,,14:00:00,23:45:00,,,,1,,,Y,1,1,5/7/2019 14:32,2/28/2020 20:43,3,1
58,58,250,118851,-0.511584221,0.758307943,Restaurants,2,0.7,5,1,09:00AM-11:45PM,-,15,0,Yes,0,1,1,11,EN,4.5,9:00:00,23:45:00,,,9:00:00,23:45:00,,,9:00:00,23:45:00,,,9:00:00,23:45:00,,,9:00:00,23:45:00,,,9:00:00,23:45:00,,,9:00:00,23:45:00,,,"{""primary_tags"":""47""}",1,"1,4,45,24,16","American,Breakfast,Rolls,Salads,Sandwiches",Y,1,1,5/12/2019 17:17,4/5/2020 18:12,3,1
59,59,259,118860,0.025821154,0.551593864,Restaurants,2,0,15,1,05:00PM-11:59PM ,-,15,0,Yes,0,1,1,11,EN,4.3,12:00:00,22:00:00,,,12:00:00,22:00:00,,,12:00:00,22:00:00,,,12:00:00,22:00:00,,,12:00:00,22:00:00,,,12:00:00,22:00:00,,,12:00:00,22:00:00,,,"{""primary_tags"":""134""}",1,"1,5,48,27,16,36,28,35","American,Burgers,Kids meal,Pasta,Sandwiches,Smoothies,Soups,Steaks",Y,1,1,5/21/2019 16:05,4/7/2020 21:56,3,1
60,60,265,118866,-0.861073077,-0.065146591,Sweets & Bakes,3,0,10,1,08:00AM-11:45PM,-,15,0,Yes,0,1,1,11,EN,4.3,0:01:00,1:30:00,8:00:00,23:59:00,0:01:00,1:30:00,8:00:00,23:59:00,0:01:00,1:30:00,8:00:00,23:59:00,0:01:00,1:30:00,8:00:00,23:59:00,0:01:00,1:30:00,8:00:00,23:59:00,0:01:00,1:30:00,8:00:00,23:59:00,0:01:00,1:30:00,8:00:00,23:59:00,"{""primary_tags"":""28""}",1,"8,91,38,9,43,32,52","Desserts,Free Delivery,Fresh Juices,Healthy Food,Ice creams,Milkshakes,Mojitos ",Y,1,1,5/23/2019 17:44,4/7/2020 1:50,3,1
61,61,271,118872,-0.334340385,0.726332955,Restaurants,2,0.7,5,1,05:00PM-11:45PM,-,11,0,Yes,0,1,1,11,EN,4.5,12:00:00,22:00:00,,,12:00:00,22:00:00,,,12:00:00,22:00:00,,,12:00:00,22:00:00,,,12:00:00,22:00:00,,,12:00:00,22:00:00,,,12:00:00,22:00:00,,,"{""primary_tags"":""134""}",1,"1,5,48,27,16,36,28,35","American,Burgers,Kids meal,Pasta,Sandwiches,Smoothies,Soups,Steaks",Y,1,1,5/28/2019 13:36,4/3/2020 22:18,3,1
62,62,274,118875,0.30532122,0.559974384,Sweets & Bakes,3,0.7,15,0,11AM-11PM,-,45,0,Yes,0,0,0,11,EN,3.7,8:00:00,13:30:00,16:00:00,23:00:00,8:00:00,13:30:00,16:00:00,23:00:00,9:00:00,23:00:00,,,9:00:00,13:30:00,,,8:00:00,11:00:00,15:00:00,23:00:00,8:00:00,11:00:00,15:00:00,23:00:00,9:00:00,23:00:00,,,"{""primary_tags"":""180""}",1,"41,57","Cakes,Donuts",Y,1,1,5/31/2019 14:33,4/6/2020 19:57,3,1
63,63,288,118889,-0.558384615,0.740756818,Restaurants,2,0,6,1,11:15AM-03:00PM,05:15PM-09:30PM ,15,0,Yes,0,1,1,11,EN,4.6,11:00:00,15:00:00,17:00:00,21:45:00,11:00:00,15:00:00,17:00:00,21:45:00,11:00:00,15:00:00,17:00:00,21:45:00,11:00:00,15:00:00,17:00:00,21:45:00,11:00:00,15:00:00,17:00:00,21:45:00,11:00:00,21:45:00,,,11:00:00,21:45:00,,,"{""primary_tags"":""204""}",1,"3,8,33,24,28,19","Asian,Desserts,Rice,Salads,Soups,Thai",Y,1,1,6/21/2019 2:54,4/7/2020 15:11,3,1
64,64,289,118890,-1.007384615,0.079220455,Restaurants,2,0.7,15,1,11:30AM-11.59 PM,-,15,0,Yes,0,1,1,11,EN,4.5,0:01:00,1:30:00,11:00:00,23:59:00,0:01:00,1:30:00,11:00:00,23:59:00,0:01:00,1:30:00,11:00:00,23:59:00,0:01:00,1:30:00,11:00:00,23:59:00,0:01:00,1:30:00,13:00:00,23:59:00,0:01:00,1:30:00,13:00:00,23:59:00,0:01:00,1:30:00,11:00:00,23:59:00,"{""primary_tags"":""8""}",1,"1,5,30,52","American,Burgers,Fries,Mojitos ",Y,1,1,6/24/2019 11:33,4/5/2020 15:50,3,1
65,65,294,118896,-1.271978846,0.028831818,Restaurants,2,0,10,0,09:00AM-11:45PM,-,15,0,Yes,0,0,0,11,EN,4.4,11:00:00,23:00:00,,,10:59:00,23:00:00,,,10:59:00,23:00:00,,,11:00:00,23:00:00,,,10:59:00,23:30:00,,,10:59:00,23:30:00,,,10:59:00,23:00:00,,,"{""primary_tags"":""260""}",1,"5,8,91,22,42","Burgers,Desserts,Free Delivery,Grills,Mexican",Y,1,1,6/27/2019 12:13,4/5/2020 11:49,3,1
66,66,295,118897,-0.491307692,0.744720455,Restaurants,2,0.7,5,1,08:00AM-11:45PM,-,15,0,Yes,0,1,1,11,EN,4.7,8:00:00,23:45:00,,,8:00:00,23:45:00,,,8:00:00,23:45:00,,,8:00:00,23:45:00,,,8:00:00,23:45:00,,,8:00:00,23:45:00,,,8:00:00,23:45:00,,,"{""primary_tags"":""1088""}",1,"60,38,61,16,36","Coffee,Fresh Juices,Hot Chocolate,Sandwiches,Smoothies",Y,1,1,6/27/2019 12:38,4/3/2020 18:15,3,1
67,67,298,118900,-0.415192308,0.64355,Restaurants,2,0,8,1,10:00AM-11:00PM,-,17,0,Yes,0,1,1,11,EN,4.7,10:45:00,20:00:00,,,10:45:00,20:00:00,,,10:45:00,20:00:00,,,10:45:00,20:00:00,,,10:45:00,20:00:00,,,10:45:00,20:00:00,,,10:45:00,20:00:00,,,"{""primary_tags"":""478""}",1,"91,38,90,24,16","Free Delivery,Fresh Juices,Pastas,Salads,Sandwiches",Y,1,1,6/28/2019 14:24,4/7/2020 10:12,3,1
68,68,299,118901,-0.818809615,0.135123864,Restaurants,2,0.7,15,1,10:00AM-1:45PM,-,15,0,Yes,0,1,1,11,EN,4.2,10:00:00,23:45:00,,,10:00:00,23:45:00,,,10:00:00,23:45:00,,,10:00:00,23:45:00,,,10:00:00,23:45:00,,,16:30:00,23:45:00,,,10:00:00,23:45:00,,,"{""primary_tags"":""1065""}",1,"83,30,52,27,16","Combos,Fries,Mojitos ,Pasta,Sandwiches",Y,1,1,6/29/2019 13:12,3/27/2020 17:16,3,1
69,69,300,118902,-0.807057692,0.091368182,Restaurants,2,0.7,15,1,08:00AM-11:00PM,-,15,0,Yes,0,1,1,11,EN,4.4,8:00:00,22:45:00,,,8:00:00,22:45:00,,,8:00:00,22:45:00,,,8:00:00,22:45:00,,,8:00:00,22:45:00,,,8:00:00,22:45:00,,,8:00:00,22:45:00,,,"{""primary_tags"":""1088""}",1,"60,38,61,16,36","Coffee,Fresh Juices,Hot Chocolate,Sandwiches,Smoothies",Y,1,1,6/30/2019 14:12,4/3/2020 10:52,3,1
70,70,303,118905,0.005748077,0.482280909,Restaurants,2,0.7,15,1,08:00AM-3:30PM,-,15,0,Yes,0,1,1,11,EN,4.7,8:00:00,16:00:00,,,8:00:00,16:00:00,,,8:00:00,16:00:00,,,8:00:00,16:00:00,,,8:00:00,16:00:00,,,,,,,,,,,"{""primary_tags"":""1088""}",1,"60,38,61,16,36","Coffee,Fresh Juices,Hot Chocolate,Sandwiches,Smoothies",Y,1,1,7/2/2019 14:50,3/31/2020 13:23,3,1
71,71,304,118906,-1.267463462,0.028361364,Restaurants,2,0.7,10,1,10:00AM-11:15PM,-,15,0,Yes,0,1,1,11,EN,4,10:00:00,23:00:00,,,10:00:00,23:00:00,,,10:00:00,23:00:00,,,10:00:00,23:00:00,,,10:00:00,23:15:00,,,10:00:00,23:15:00,,,10:00:00,23:15:00,,,"{""primary_tags"":""32""}",1,"1,4,5,30,16","American,Breakfast,Burgers,Fries,Sandwiches",Y,1,1,7/3/2019 10:38,4/2/2020 12:35,3,1
72,72,310,118912,-0.016828846,0.514580227,Restaurants,2,0.7,15,1,09:00AM-07:00PM,-,13,0,Yes,0,1,1,11,EN,4.8,9:00:00,16:40:00,,,9:00:00,16:40:00,,,9:00:00,16:40:00,,,9:00:00,16:40:00,,,9:00:00,16:40:00,,,,,,,10:00:00,16:40:00,,,"{""primary_tags"":""1147""}",1,"26,8,24","Bagels,Desserts,Salads",Y,1,1,7/8/2019 13:19,4/6/2020 17:42,3,1
73,73,356,118958,-0.845096154,0.067013182,Restaurants,2,0,15,1,11:00AM-111:00PM,-,15,0,Yes,0,1,1,11,EN,4.2,11:00:00,23:00:00,,,11:00:00,23:00:00,,,11:00:00,23:00:00,,,11:00:00,23:00:00,,,8:00:00,23:00:00,,,13:00:00,23:00:00,,,11:00:00,23:00:00,,,"{""primary_tags"":""46""}",1,"1,48,27,15,24","American,Kids meal,Pasta,Pizzas,Salads",Y,1,1,7/25/2019 13:07,4/7/2020 21:53,3,1
74,74,386,118989,-1.002136538,0.078609318,Sweets & Bakes,3,0,15,1,08:30AM-11:45PM,-,15,0,Yes,0,1,1,1,EN,4.5,8:00:00,23:45:00,,,8:00:00,23:45:00,,,8:00:00,23:45:00,,,8:00:00,23:45:00,,,8:30:00,23:45:00,,,16:00:00,23:45:00,,,8:00:00,23:45:00,,,"{""primary_tags"":""1348""}",1,80,Churros,Y,1,1,8/7/2019 15:36,4/8/2020 3:45,3,1
75,75,391,118994,-0.624701923,0.72512,Restaurants,2,0.7,5,1,9:00AM-11:00PM,-,10,0,Yes,0,1,1,11,EN,4.2,9:00:00,23:45:00,,,9:00:00,23:45:00,,,9:00:00,23:45:00,,,9:00:00,23:45:00,,,9:00:00,23:45:00,,,14:00:00,23:59:00,,,9:00:00,23:45:00,,,,1,"1,4,5,8,34,24,16,28,35","American,Breakfast,Burgers,Desserts,Italian,Salads,Sandwiches,Soups,Steaks",Y,1,1,8/8/2019 14:16,4/2/2020 0:51,3,1
76,76,398,119001,-0.625126923,0.099439091,Restaurants,2,0.7,15,1,11:00AM-11:00PM,-,15,0,Yes,0,1,1,11,EN,4.2,11:00:00,23:00:00,,,11:00:00,23:00:00,,,11:00:00,23:00:00,,,11:00:00,23:00:00,,,11:00:00,23:00:00,,,11:00:00,23:00:00,,,11:00:00,23:00:00,,,,1,"13,2,77,27,33,28,12","Omani,Arabic,Shuwa,Pasta,Rice,Soups,Lebanese",Y,1,1,8/19/2019 19:04,4/7/2020 0:08,3,1
77,77,401,119004,0.001903846,0.547154545,Sweets & Bakes,3,0.7,15,1,10:00AM-11:15PM,-,13,0,Yes,0,1,1,11,EN,4.5,10:00:00,23:15:00,,,10:00:00,23:15:00,,,10:00:00,23:15:00,,,10:00:00,23:15:00,,,10:00:00,23:45:00,,,10:00:00,23:45:00,,,10:00:00,23:15:00,,,"{""primary_tags"":""1256""}",1,"64,36","Frozen yoghurt,Smoothies",Y,1,1,8/20/2019 15:10,4/6/2020 0:50,3,1
78,78,419,119022,-0.4764,0.03974,Restaurants,2,0.7,15,1,11:00AM-12:00PM,-,15,0,Yes,0,1,1,11,EN,4.2,11:00:00,23:45:00,,,11:00:00,23:45:00,,,11:00:00,23:45:00,,,11:00:00,23:45:00,,,11:00:00,23:45:00,,,13:30:00,23:45:00,,,11:00:00,23:45:00,,,,1,"2,71,16","Arabic,Kushari,Sandwiches",Y,1,1,8/27/2019 15:53,4/7/2020 18:40,3,1
79,79,459,119063,-0.996063462,-0.062282955,Restaurants,2,0,10,1,11:59AM-11:59PM,-,15,0,Yes,0,1,1,11,EN,4.2,11:59:00,23:59:00,,,11:59:00,23:59:00,,,11:59:00,23:59:00,,,11:59:00,23:59:00,,,11:59:00,23:59:00,,,0:01:00,0:45:00,16:30:00,23:59:00,0:01:00,0:45:00,14:30:00,23:59:00,"{""primary_tags"":""8""}",1,"5,91,32,52","Burgers,Free Delivery,Milkshakes,Mojitos ",Y,1,1,9/10/2019 19:04,4/6/2020 15:19,3,1
80,80,537,119141,-0.523719231,0.052654545,Restaurants,2,0,15,1,08:00AM-11:45-,-,20,0,Yes,0,1,1,11,EN,4.4,12:20:00,23:45:00,,,12:20:00,23:45:00,,,12:20:00,23:45:00,,,12:20:00,23:45:00,,,12:20:00,23:45:00,,,0:01:00,0:45:00,13:20:00,23:59:00,12:20:00,23:45:00,,,"{""primary_tags"":""8""}",1,"1,5,8,91,30,29,48","American,Burgers,Desserts,Free Delivery,Fries,Hot Dogs,Kids meal",Y,1,1,10/15/2019 0:42,4/7/2020 18:28,3,1
81,81,547,119151,0.049019231,0.605368409,Restaurants,2,0.7,10,1,09:00AM-11:59PM,-,10,0,Yes,0,1,1,11,EN,4.4,9:00:00,23:59:00,,,9:00:00,23:59:00,,,9:00:00,23:59:00,,,9:00:00,23:59:00,,,9:00:00,23:59:00,,,15:00:00,23:59:00,,,15:00:00,23:59:00,,,"{""primary_tags"":""28""}",1,"38,12,16,23","Fresh Juices,Lebanese,Sandwiches,Shawarma",Y,1,1,10/21/2019 15:38,4/7/2020 3:23,3,1
82,82,573,119180,2.015615385,0.749220455,Restaurants,2,0,15,1,04:59PM-11:45PM,-,10,0,Yes,0,1,1,11,EN,4.6,17:00:00,23:45:00,,,17:00:00,23:45:00,,,17:00:00,23:45:00,,,17:00:00,23:45:00,,,17:00:00,23:45:00,,,17:00:00,23:45:00,,,17:00:00,23:45:00,,,"{""primary_tags"":""134""}",1,"5,8,91,27,16","Burgers,Desserts,Free Delivery,Pasta,Sandwiches",Y,1,1,1/30/2019 12:53,4/7/2020 23:22,3,1
83,83,575,119182,-0.610692308,0.072090909,Sweets & Bakes,3,0,15,1,10:00AM-11:45PM,-,15,0,Yes,0,1,1,11,EN,4.1,10:00:00,22:30:00,,,10:00:00,22:30:00,,,10:00:00,22:30:00,,,10:00:00,22:30:00,,,10:00:00,22:30:00,,,10:00:00,22:30:00,,,10:00:00,22:30:00,,,,1,"60,62,86,25","Coffee,Pancakes,Spanish Latte,Waffles",Y,1,1,11/1/2018 12:13,4/4/2020 1:06,3,1
84,84,577,119184,-0.7549,0.219710227,Restaurants,2,0.7,8,1,11:00AM-11:00PM,-,5,0,Yes,0,1,1,11,EN,4.5,12:00:00,22:00:00,,,12:00:00,22:00:00,,,12:00:00,22:00:00,,,12:00:00,22:00:00,,,12:00:00,22:00:00,,,12:00:00,22:00:00,,,12:00:00,22:00:00,,,"{""primary_tags"":""15""}",1,"5,8,49,24","Burgers,Desserts,Family Meal,Salads",Y,1,1,10/2/2018 17:11,4/4/2020 19:29,3,1
85,85,578,119187,0.553573077,0.531361136,Restaurants,2,0.7,15,0,12:00PM-11:59PM,-,10,,Yes,0,0,0,11,,4.3,12:00:00,23:59:00,,,12:00:00,23:59:00,,,12:00:00,23:59:00,,,12:00:00,23:59:00,,,12:00:00,23:59:00,,,12:00:00,23:59:00,,,12:00:00,23:59:00,,,"{""primary_tags"":""134""}",1,"38,16,23","Fresh Juices,Sandwiches,Shawarma",Y,1,1,10/21/2019 13:10,4/5/2020 12:01,3,1
86,86,582,119200,-0.185825,0.482450909,Restaurants,2,0.7,15,1,12:00PM-11:59PM,-,10,,Yes,0,1,1,11,,4.2,12:00:00,23:59:00,,,12:00:00,23:59:00,,,12:00:00,23:59:00,,,12:00:00,23:59:00,,,12:00:00,23:59:00,,,15:00:00,23:59:00,,,15:00:00,23:59:00,,,"{""primary_tags"":""134""}",1,"38,16,23","Fresh Juices,Sandwiches,Shawarma",Y,1,1,10/21/2019 14:36,4/6/2020 23:12,3,1
87,87,583,119276,-0.591273077,0.095598636,Restaurants,2,0.7,15,1,00:01AM-01:00AM,09:00AM-11:59PM,10,,Yes,0,1,1,11,,4.3,12:00:00,23:59:00,,,12:00:00,23:59:00,,,12:00:00,23:59:00,,,12:00:00,23:59:00,,,12:00:00,23:59:00,,,14:00:00,23:59:00,,,14:00:00,23:59:00,,,"{""primary_tags"":""134""}",1,"38,16,23","Fresh Juices,Sandwiches,Shawarma",Y,1,1,10/22/2019 7:29,4/7/2020 20:09,3,1
88,88,676,124101,-0.116173077,0.570707273,Restaurants,2,0.7,14,1,22-Sep,-,10,,Yes,0,1,1,11,,4.4,11:45:00,15:45:00,18:30:00,23:00:00,11:45:00,15:45:00,18:30:00,22:30:00,11:45:00,15:45:00,18:30:00,23:00:00,11:45:00,15:45:00,18:30:00,23:00:00,11:45:00,15:45:00,18:30:00,23:00:00,11:45:00,15:45:00,18:30:00,23:00:00,11:45:00,15:45:00,18:30:00,23:00:00,"{""primary_tags"":""2072""}",1,"31,8,10,44,33","Biryani,Desserts,Indian,Kebabs,Rice",Y,1,1,11/17/2019 8:39,4/7/2020 15:31,3,1
89,89,679,124147,0.614094231,0.527432727,Restaurants,2,0.7,15,1,08:00AM-11:00PM,-,10,,Yes,0,1,1,1,,4.5,11:00:00,15:30:00,18:30:00,22:30:00,11:00:00,15:30:00,18:30:00,23:00:00,11:00:00,15:30:00,18:30:00,23:00:00,11:00:00,15:30:00,18:30:00,23:00:00,11:00:00,15:30:00,18:30:00,23:00:00,11:45:00,15:30:00,18:30:00,23:00:00,11:00:00,15:30:00,18:30:00,23:00:00,"{""primary_tags"":""2072""}",1,"31,8,10,44,33","Biryani,Desserts,Indian,Kebabs,Rice",Y,1,1,11/17/2019 13:27,4/7/2020 21:46,3,1
90,90,681,124250,-0.595325,0.095638864,Restaurants,2,0.7,15,1,22-Sep,-,10,,Yes,0,1,1,11,,4.4,11:30:00,15:30:00,18:30:00,23:00:00,11:30:00,15:30:00,18:30:00,23:00:00,11:30:00,15:30:00,18:30:00,23:00:00,11:30:00,15:30:00,18:30:00,23:00:00,11:30:00,15:30:00,18:30:00,23:00:00,11:30:00,15:30:00,18:30:00,23:00:00,11:30:00,15:30:00,18:30:00,22:30:00,"{""primary_tags"":""2072""}",1,"31,8,10,44,33","Biryani,Desserts,Indian,Kebabs,Rice",Y,1,1,11/18/2019 8:07,4/7/2020 17:40,3,1
91,91,841,130436,-0.496138462,0.740214091,Restaurants,2,0,6,1,,,10,,Yes,0,1,1,1,,4,0:00:00,1:30:00,8:00:00,23:59:00,0:00:00,1:30:00,8:00:00,23:59:00,0:00:00,1:30:00,8:00:00,23:59:00,0:00:00,1:30:00,8:00:00,23:59:00,0:00:00,1:30:00,8:00:00,23:59:00,0:00:00,1:30:00,8:00:00,23:59:00,0:00:00,1:30:00,8:00:00,23:59:00,"{""primary_tags"":""2396""}",1,"1,4,5,6,8,91,30,43,48,24","American,Breakfast,Burgers,Cafe,Desserts,Free Delivery,Fries,Ice creams,Kids meal,Salads",Y,1,1,12/21/2019 0:16,4/7/2020 15:09,3,1
92,92,843,130447,-1.269317308,0.082343182,Restaurants,2,0,5,1,,,10,,Yes,0,1,1,1,,4.3,0:00:00,1:30:00,8:15:00,23:59:00,0:00:00,1:30:00,8:15:00,23:59:00,0:00:00,1:30:00,8:15:00,23:59:00,0:00:00,1:30:00,8:15:00,23:59:00,0:00:00,1:30:00,8:15:00,23:59:00,0:00:00,1:30:00,8:15:00,23:59:00,0:00:00,1:30:00,8:15:00,23:59:00,"{""primary_tags"":""2396""}",1,"1,4,5,6,8,91,30,43,48,24","American,Breakfast,Burgers,Cafe,Desserts,Free Delivery,Fries,Ice creams,Kids meal,Salads",Y,1,1,12/21/2019 12:31,4/7/2020 19:01,3,1
93,93,845,130450,-0.116903846,0.181583182,Restaurants,2,0,5,1,,,10,,Yes,0,1,1,1,,4,0:00:00,1:30:00,8:15:00,23:59:00,0:00:00,1:30:00,8:15:00,23:59:00,0:00:00,1:30:00,8:15:00,23:59:00,0:00:00,1:30:00,8:15:00,23:59:00,0:00:00,1:30:00,8:15:00,23:59:00,0:00:00,1:30:00,8:15:00,23:59:00,0:00:00,1:30:00,8:15:00,23:59:00,"{""primary_tags"":""2396""}",1,"1,4,5,6,8,91,30,43,48,24","American,Breakfast,Burgers,Cafe,Desserts,Free Delivery,Fries,Ice creams,Kids meal,Salads",Y,1,1,12/21/2019 12:37,4/8/2020 3:43,3,1
94,94,846,130451,-0.441823077,0.099479318,Restaurants,2,0,6,1,,,10,,Yes,0,1,1,11,,4.1,0:00:00,1:30:00,8:15:00,23:59:00,0:00:00,1:30:00,8:15:00,23:59:00,0:00:00,1:30:00,8:15:00,23:59:00,0:00:00,1:30:00,8:15:00,23:59:00,0:00:00,1:30:00,8:15:00,23:59:00,0:00:00,1:30:00,8:15:00,23:59:00,0:00:00,1:30:00,8:15:00,23:59:00,"{""primary_tags"":""2396""}",1,"1,4,5,6,8,91,30,43,48,24","American,Breakfast,Burgers,Cafe,Desserts,Free Delivery,Fries,Ice creams,Kids meal,Salads",Y,1,1,12/21/2019 12:40,4/6/2020 16:19,3,1
95,95,849,130455,-1.588059615,-0.066441136,Restaurants,2,0,10,1,,,10,,Yes,0,1,1,1,,4.1,0:00:00,1:30:00,8:15:00,23:59:00,0:00:00,1:30:00,8:15:00,23:59:00,0:00:00,1:30:00,8:15:00,23:59:00,0:00:00,1:30:00,8:15:00,23:59:00,0:00:00,1:30:00,8:15:00,23:59:00,0:00:00,1:30:00,8:15:00,23:59:00,0:00:00,1:30:00,8:15:00,23:59:00,"{""primary_tags"":""2396""}",1,"1,4,5,6,8,91,30,43,48,24","American,Breakfast,Burgers,Cafe,Desserts,Free Delivery,Fries,Ice creams,Kids meal,Salads",Y,1,1,12/21/2019 12:47,4/7/2020 20:01,3,1
96,96,855,130463,2.145205769,0.745025455,Restaurants,2,0,8,1,,,10,,Yes,0,1,1,1,,4.2,0:00:00,1:30:00,11:00:00,23:59:00,0:00:00,1:30:00,11:00:00,23:59:00,0:00:00,1:30:00,11:00:00,23:59:00,0:00:00,1:30:00,11:00:00,23:59:00,0:00:00,1:30:00,11:00:00,23:59:00,0:00:00,1:30:00,11:00:00,23:59:00,0:00:00,1:30:00,11:00:00,23:59:00,"{""primary_tags"":""2396""}",1,"1,5,8,91,30,48,24","American,Burgers,Desserts,Free Delivery,Fries,Kids meal,Salads",Y,1,1,12/21/2019 13:02,4/7/2020 1:50,3,1
97,97,856,130464,0.251469231,0.4836325,Restaurants,2,0,7,1,,,10,,Yes,0,1,1,11,,4.3,0:00:00,1:30:00,8:15:00,23:59:00,0:00:00,1:30:00,8:15:00,23:59:00,0:00:00,1:30:00,8:15:00,23:59:00,0:00:00,1:30:00,8:15:00,23:59:00,0:00:00,1:30:00,8:15:00,23:59:00,0:00:00,1:30:00,8:15:00,23:59:00,0:00:00,1:30:00,8:15:00,23:59:00,"{""primary_tags"":""2396""}",1,"1,4,5,6,8,91,30,43,48,24","American,Breakfast,Burgers,Cafe,Desserts,Free Delivery,Fries,Ice creams,Kids meal,Salads",Y,1,1,12/21/2019 13:04,4/6/2020 23:53,3,1
98,98,858,130468,0.019817308,0.5870875,Restaurants,2,0,3,1,,,10,,Yes,0,1,1,11,,4.2,0:00:00,1:30:00,8:15:00,23:59:00,0:00:00,1:30:00,8:15:00,23:59:00,0:00:00,1:30:00,8:15:00,23:59:00,0:00:00,1:30:00,8:15:00,23:59:00,0:00:00,1:30:00,8:15:00,23:59:00,0:00:00,1:30:00,8:15:00,23:59:00,0:00:00,1:30:00,8:15:00,23:59:00,"{""primary_tags"":""2396""}",1,"1,4,5,6,8,91,30,43,48,24","American,Breakfast,Burgers,Cafe,Desserts,Free Delivery,Fries,Ice creams,Kids meal,Salads",Y,1,1,12/21/2019 13:12,4/7/2020 14:26,3,1
99,99,907,132953,13.33513077,-1.449556364,Restaurants,2,0.7,12,1,,,20,,Yes,0,1,1,11,,4.3,11:00:00,12:30:00,16:30:00,23:15:00,11:00:00,12:30:00,16:30:00,23:15:00,11:00:00,12:30:00,16:30:00,23:15:00,11:00:00,12:30:00,16:30:00,23:15:00,11:00:00,12:30:00,16:30:00,23:15:00,,,16:30:00,23:15:00,11:00:00,12:30:00,16:30:00,23:15:00,"{""primary_tags"":""24""}",1,"46,52,16","Fatayers,Mojitos ,Sandwiches",Y,1,1,1/5/2020 18:56,4/6/2020 23:49,3,1
